종목코드,종목명,시장구분,업종명,종가,대비,등락률,시가총액
"060310","3S","KOSDAQ","의료·정밀기기","1605","-23","-1.41","85159759200"
"054620","APS","KOSDAQ","금융","4045","-70","-1.70","74404623945"
"265520","AP시스템","KOSDAQ","기계·장비","19010","-810","-4.09","286116107210"
"211270","AP위성","KOSDAQ","전기·전자","11210","-470","-4.02","169072627840"
"139050","BF랩스","KOSDAQ","IT 서비스","2805","0","0.00","24247965555"
"126600","BGF에코머티리얼즈","KOSDAQ","화학","3720","40","1.09","233492864280"
"083790","CG인바이츠","KOSDAQ","일반서비스","1501","-58","-3.72","115418167182"
"035760","CJ ENM","KOSDAQ","오락·문화","61600","0","0.00","1350835886400"
"311690","CJ 바이오사이언스","KOSDAQ","일반서비스","9550","-150","-1.55","124775162100"
"051500","CJ프레시웨이","KOSDAQ","유통","28000","-50","-0.18","332404408000"
"058820","CMG제약","KOSDAQ","제약","1955","-21","-1.06","289031467765"
"056730","CNT85","KOSDAQ","건설","642","8","1.26","47579381412"
"065770","CS","KOSDAQ","전기·전자","811","2","0.25","15742426430"
"083660","CSA 코스믹","KOSDAQ","화학","559","0","0.00","35121667581"
"477760","DB금융스팩12호","KOSDAQ","금융","2100","-5","-0.24","12264000000"
"099520","DGI","KOSDAQ","전기·전자","1284","0","0.00","58141862016"
"290120","DH오토리드","KOSDAQ","운송장비·부품","2400","-30","-1.23","37978197600"
"025440","DH오토웨어","KOSDAQ","전기·전자","744","-6","-0.80","36293230656"
"068790","DMS","KOSDAQ","기계·장비","6330","0","0.00","149939488590"
"241520","DSC인베스트먼트","KOSDAQ","금융","7020","-240","-3.31","189540000000"
"180400","DXVX","KOSDAQ","일반서비스","1676","-51","-2.95","82491768032"
"418620","E8","KOSDAQ","IT 서비스","1621","3","0.19","20830623217"
"245620","EDGC","KOSDAQ","일반서비스","415","0","0.00","57474989665"
"037370","EG","KOSDAQ","화학","5570","-90","-1.59","48041094040"
"050120","ES큐브","KOSDAQ","유통","3155","165","5.52","42794691330"
"214270","FSN","KOSDAQ","IT 서비스","1856","-94","-4.82","81090419904"
"130500","GH신소재","KOSDAQ","섬유·의류","2490","-15","-0.60","36217179480"
"900290","GRT","KOSDAQ","금융","3180","-70","-2.15","257103000000"
"083450","GST","KOSDAQ","기계·장비","22900","-1550","-6.34","422047000000"
"297890","HB솔루션","KOSDAQ","기계·장비","2020","-75","-3.58","147744646280"
"440290","HB인베스트먼트","KOSDAQ","금융","2300","-10","-0.43","63264789000"
"078150","HB테크놀러지","KOSDAQ","기계·장비","1853","-48","-2.52","171802592348"
"225530","HC보광산업","KOSDAQ","비금속","2885","0","0.00","104837227395"
"060560","HC홈센타","KOSDAQ","유통","726","-1","-0.14","92688075150"
"195940","HK이노엔","KOSDAQ","제약","52200","-600","-1.14","1478820310200"
"028300","HLB","KOSDAQ","제약","46150","-900","-1.91","6085021026500"
"278650","HLB바이오스텝","KOSDAQ","일반서비스","1480","-40","-2.63","128768197720"
"067630","HLB생명과학","KOSDAQ","제약","3750","-70","-1.83","457188967500"
"024850","HLB이노베이션","KOSDAQ","전기·전자","1973","53","2.76","285169748976"
"187420","HLB제넥스","KOSDAQ","제약","2675","-130","-4.63","77938484350"
"047920","HLB제약","KOSDAQ","일반서비스","14850","-410","-2.69","487070436600"
"115450","HLB테라퓨틱스","KOSDAQ","유통","2830","-90","-3.08","238801804290"
"046210","HLB파나진","KOSDAQ","제약","1649","-38","-2.25","74413957982"
"196300","HLB펩","KOSDAQ","제약","7060","-190","-2.62","65611389880"
"403870","HPSP","KOSDAQ","기계·장비","28150","-700","-2.43","2350484689200"
"036640","HRS","KOSDAQ","화학","5520","-10","-0.18","90278496000"
"448760","IBKS제22호스팩","KOSDAQ","금융","5570","0","0.00","24675100000"
"467930","IBKS제23호스팩","KOSDAQ","금융","2215","-5","-0.23","9369450000"
"469480","IBKS제24호스팩","KOSDAQ","금융","2200","-30","-1.35","9306000000"
"095340","ISC","KOSDAQ","유통","98500","-4500","-4.37","2087910213000"
"950170","JTC","KOSDAQ","유통","3935","-45","-1.13","203621879380"
"067290","JW신약","KOSDAQ","제약","1892","392","26.13","100987630392"
"035900","JYP Ent.","KOSDAQ","오락·문화","68000","-500","-0.73","2416209456000"
"318000","KBG","KOSDAQ","화학","4520","-85","-1.85","39505807960"
"024840","KBI메탈","KOSDAQ","금속","1752","-9","-0.51","61160916648"
"024120","KB오토시스","KOSDAQ","운송장비·부품","3530","-65","-1.81","40595000000"
"455250","KB제25호스팩","KOSDAQ","금융","2095","0","0.00","9018975000"
"464680","KB제27호스팩","KOSDAQ","금융","2065","0","0.00","26648825000"
"478390","KB제29호스팩","KOSDAQ","금융","2050","-20","-0.97","12751000000"
"486630","KB제30호스팩","KOSDAQ","금융","2040","-5","-0.24","10832400000"
"492220","KB제31호스팩","KOSDAQ","금융","1990","-10","-0.50","12357900000"
"0037T0","KB제32호스팩","KOSDAQ","금융","1995","-5","-0.25","12628350000"
"0072Z0","KB제33호스팩","KOSDAQ","금융","1992","-3","-0.15","15706920000"
"021320","KCC건설","KOSDAQ","건설","5690","-20","-0.35","121766000000"
"044180","KD","KOSDAQ","건설","611","-14","-2.24","16324575189"
"046440","KG모빌리언스","KOSDAQ","IT 서비스","4860","-20","-0.41","184732497720"
"151860","KG에코솔루션","KOSDAQ","운송장비·부품","5940","-190","-3.10","282761831880"
"035600","KG이니시스","KOSDAQ","IT 서비스","10720","-40","-0.37","295383532480"
"226360","KH 건설","KOSDAQ","건설","2555","0","0.00","67617390260"
"111870","KH 미래물산","KOSDAQ","전기·전자","8910","0","0.00","62746456410"
"060720","KH바텍","KOSDAQ","전기·전자","11140","-430","-3.72","263766703880"
"058400","KNN","KOSDAQ","오락·문화","704","-7","-0.98","93230522880"
"101000","KS인더스트리","KOSDAQ","기계·장비","859","63","7.91","28730802918"
"089600","KT나스미디어","KOSDAQ","일반서비스","13120","-270","-2.02","151774298560"
"418470","KT밀리의서재","KOSDAQ","IT 서비스","13620","-230","-1.66","116666046180"
"043610","KT지니뮤직","KOSDAQ","오락·문화","1909","-16","-0.83","110942371142"
"122450","KX","KOSDAQ","오락·문화","3750","-70","-1.83","168074377500"
"052900","KX하이텍","KOSDAQ","화학","898","-6","-0.66","58706261488"
"036560","KZ정밀","KOSDAQ","기계·장비","15370","-90","-0.58","242077500000"
"061970","LB세미콘","KOSDAQ","전기·전자","3980","-90","-2.21","231170363880"
"309960","LB인베스트먼트","KOSDAQ","금융","5850","110","1.92","135820848150"
"225190","LK삼양","KOSDAQ","의료·정밀기기","1226","-20","-1.61","86394307440"
"060370","LS마린솔루션","KOSDAQ","건설","32750","-1200","-3.53","1710822468500"
"417200","LS머트리얼즈","KOSDAQ","전기·전자","13050","-540","-3.97","882867199950"
"078020","LS증권","KOSDAQ","금융","4850","-40","-0.82","269083771500"
"322180","LS티라유텍","KOSDAQ","IT 서비스","7280","-430","-5.58","152312043520"
"476080","M83","KOSDAQ","오락·문화","9740","-210","-2.11","78280380000"
"086960","MDS테크","KOSDAQ","IT 서비스","1316","-64","-4.64","127287762784"
"160550","NEW","KOSDAQ","오락·문화","2020","-30","-1.46","56370334120"
"053290","NE능률","KOSDAQ","오락·문화","1831","-2","-0.11","30259668117"
"060250","NHN KCP","KOSDAQ","금융","14650","-520","-3.43","588352951150"
"104200","NHN벅스","KOSDAQ","IT 서비스","2830","-110","-3.74","41961966500"
"063570","NICE인프라","KOSDAQ","일반서비스","4275","-65","-1.50","145981537200"
"222160","NPX","KOSDAQ","기계·장비","8040","0","0.00","79551289560"
"024940","PN풍년","KOSDAQ","유통","5670","-100","-1.73","56700000000"
"332570","PS일렉트로닉스","KOSDAQ","전기·전자","4940","-150","-2.95","216321246440"
"218410","RFHIC","KOSDAQ","전기·전자","31400","-950","-2.94","832208078800"
"327260","RF머트리얼즈","KOSDAQ","전기·전자","20150","100","0.50","169929604650"
"474610","RF시스템즈","KOSDAQ","금속","4315","-85","-1.93","57941051930"
"091340","S&K폴리텍","KOSDAQ","전기·전자","2325","0","0.00","27211151325"
"419530","SAMG엔터","KOSDAQ","오락·문화","41550","-3800","-8.38","404469098250"
"019550","SBI인베스트먼트","KOSDAQ","금융","718","-2","-0.28","116363800850"
"246960","SCL사이언스","KOSDAQ","제약","2500","-20","-0.79","84930777500"
"099220","SDN","KOSDAQ","유통","1117","-20","-1.76","72542838950"
"036540","SFA반도체","KOSDAQ","전기·전자","3920","-105","-2.61","644684387760"
"255220","SG","KOSDAQ","비금속","2695","-25","-0.92","276876799815"
"040610","SG&G","KOSDAQ","운송장비·부품","1844","-35","-1.86","62856789424"
"184230","SGA솔루션즈","KOSDAQ","IT 서비스","667","-8","-1.19","57275302006"
"016250","SGC E&C","KOSDAQ","건설","15230","80","0.53","76713296780"
"357880","SKAI","KOSDAQ","IT 서비스","1719","-37","-2.11","62014932792"
"048550","SM C&C","KOSDAQ","일반서비스","1275","-5","-0.39","123311140500"
"063440","SM Life Design","KOSDAQ","출판·매체복제","1830","-19","-1.03","84233351820"
"067160","SOOP","KOSDAQ","IT 서비스","68500","-800","-1.15","787391539500"
"289080","SV인베스트먼트","KOSDAQ","금융","1722","9","0.53","93481025820"
"013720","THE CUBE&","KOSDAQ","운송장비·부품","715","-6","-0.83","43492122245"
"089230","THE E&M","KOSDAQ","IT 서비스","1107","8","0.73","29460538971"
"032540","TJ미디어","KOSDAQ","전기·전자","5500","-20","-0.36","76623849500"
"048770","TPC","KOSDAQ","기계·장비","2530","-330","-11.54","39715917230"
"246690","TS인베스트먼트","KOSDAQ","금융","1340","-34","-2.47","55580335080"
"317240","TS트릴리온","KOSDAQ","화학","262","-4","-1.50","30341699144"
"057030","YBM넷","KOSDAQ","일반서비스","3070","-35","-1.13","50079979790"
"040300","YTN","KOSDAQ","오락·문화","4005","70","1.78","190946304900"
"051390","YW","KOSDAQ","유통","3930","40","1.03","44626596240"
"052220","iMBC","KOSDAQ","오락·문화","3075","-55","-1.76","70725000000"
"079940","가비아","KOSDAQ","IT 서비스","32950","3000","10.02","446000787800"
"078890","가온그룹","KOSDAQ","전기·전자","4820","-175","-3.50","86985923040"
"399720","가온칩스","KOSDAQ","전기·전자","46000","-1850","-3.87","533619320000"
"036620","감성코퍼레이션","KOSDAQ","유통","6460","-290","-4.30","584654360660"
"198440","강동씨앤엘","KOSDAQ","비금속","1121","-25","-2.18","68304655416"
"217730","강스템바이오텍","KOSDAQ","제약","1689","-8","-0.47","158857457661"
"114190","강원에너지","KOSDAQ","전기·전자","15210","-770","-4.82","397331407980"
"094480","갤럭시아머니트리","KOSDAQ","IT 서비스","9250","-400","-4.15","362876001500"
"039240","경남스틸","KOSDAQ","금속","2805","-35","-1.23","75677789220"
"053950","경남제약","KOSDAQ","제약","702","-10","-1.40","54859445316"
"011040","경동제약","KOSDAQ","제약","6080","-40","-0.65","187074097280"
"024910","경창산업","KOSDAQ","운송장비·부품","1495","-3","-0.20","53549412475"
"049720","고려신용정보","KOSDAQ","일반서비스","11000","-20","-0.18","157300000000"
"014570","고려제약","KOSDAQ","제약","4300","-60","-1.38","47300000000"
"348150","고바이오랩","KOSDAQ","일반서비스","6090","-410","-6.31","118261034010"
"950190","고스트스튜디오","KOSDAQ","IT 서비스","8950","20","0.22","116502678050"
"098460","고영","KOSDAQ","기계·장비","24650","-1350","-5.19","1692339710750"
"035290","골드앤에스","KOSDAQ","오락·문화","365","0","0.00","17401915200"
"215000","골프존","KOSDAQ","IT 서비스","60600","-200","-0.33","380290149000"
"121440","골프존홀딩스","KOSDAQ","유통","5440","-40","-0.73","233032289920"
"366030","공구우먼","KOSDAQ","섬유·의류","6160","-90","-1.44","139547716000"
"029480","광무","KOSDAQ","전기·전자","2000","-20","-0.99","127271652000"
"026910","광진실업","KOSDAQ","금속","2615","0","0.00","16750134075"
"456490","교보14호스팩","KOSDAQ","금융","2090","-15","-0.71","8778000000"
"465320","교보15호스팩","KOSDAQ","금융","2335","0","0.00","8896350000"
"482520","교보16호스팩","KOSDAQ","금융","2095","0","0.00","12779500000"
"489210","교보17호스팩","KOSDAQ","금융","2080","-10","-0.48","10774400000"
"0041B0","교보18호스팩","KOSDAQ","금융","2055","-10","-0.48","10357200000"
"0098T0","교보19호스팩","KOSDAQ","금융","2010","-25","-1.23","10854000000"
"053270","구영테크","KOSDAQ","운송장비·부품","2115","-25","-1.17","57973006575"
"066620","국보디자인","KOSDAQ","건설","23100","50","0.22","173250000000"
"043650","국순당","KOSDAQ","음식료·담배","4140","-25","-0.60","73933378560"
"006050","국영지앤엠","KOSDAQ","비금속","1247","-33","-2.58","43514368021"
"060480","국일신동","KOSDAQ","금속","1596","12","0.76","17699640000"
"078130","국일제지","KOSDAQ","종이·목재","354","4","1.14","399101678334"
"307750","국전약품","KOSDAQ","제약","3515","-35","-0.99","176369975700"
"035080","그래디언트","KOSDAQ","유통","11810","-40","-0.34","161520622380"
"318060","그래피","KOSDAQ","화학","21300","1000","4.93","236595650100"
"453450","그리드위즈","KOSDAQ","일반서비스","14970","-220","-1.45","118902967500"
"204020","그리티","KOSDAQ","섬유·의류","2310","-60","-2.53","44931421920"
"0015G0","그린광학","KOSDAQ","의료·정밀기기","16270","-1080","-6.22","190400342070"
"402490","그린리소스","KOSDAQ","전기·전자","7610","-250","-3.18","126013137680"
"114450","그린생명과학","KOSDAQ","제약","3150","-180","-5.41","63000000000"
"186230","그린플러스","KOSDAQ","금속","5850","-50","-0.85","63883099800"
"900070","글로벌에스엠","KOSDAQ","금융","426","-3","-0.70","22894930368"
"204620","글로벌텍스프리","KOSDAQ","금융","4800","115","2.45","337359984000"
"019660","글로본","KOSDAQ","유통","2620","-20","-0.76","36534152460"
"053260","금강철강","KOSDAQ","금속","4085","-30","-0.73","76471200000"
"282720","금양그린파워","KOSDAQ","건설","11800","-30","-0.25","143010100000"
"036190","금화피에스시","KOSDAQ","건설","30400","-350","-1.14","182400000000"
"049080","기가레인","KOSDAQ","전기·전자","564","1","0.18","47874207708"
"420770","기가비스","KOSDAQ","기계·장비","31250","-300","-0.95","396117437500"
"035460","기산텔레콤","KOSDAQ","전기·전자","1915","5","0.26","27915606100"
"407400","꿈비","KOSDAQ","기타제조","4460","-90","-1.98","65270021640"
"187790","나노","KOSDAQ","화학","3790","-65","-1.69","116886745700"
"121600","나노신소재","KOSDAQ","화학","56900","-2900","-4.85","694816767900"
"286750","나노실리칸첨단소재","KOSDAQ","화학","1642","-22","-1.32","44762043128"
"247660","나노씨엠에스","KOSDAQ","전기·전자","5050","-70","-1.37","21936796000"
"039860","나노엔텍","KOSDAQ","의료·정밀기기","4430","115","2.67","168752224790"
"091970","나노캠텍","KOSDAQ","화학","603","-7","-1.15","22717363509"
"417010","나노팀","KOSDAQ","기계·장비","6530","1500","29.82","131727913840"
"405920","나라셀라","KOSDAQ","유통","2320","5","0.22","29877136320"
"051490","나라엠앤디","KOSDAQ","기계·장비","4000","-125","-3.03","56800000000"
"137080","나래나노텍","KOSDAQ","기계·장비","3320","25","0.76","36717281040"
"190510","나무가","KOSDAQ","전기·전자","17670","530","3.09","253491611250"
"242040","나무기술","KOSDAQ","IT 서비스","1394","-5","-0.36","48241132016"
"293580","나우IB","KOSDAQ","금융","1371","-145","-9.56","130148961450"
"459510","나우로보틱스","KOSDAQ","기계·장비","23250","-1650","-6.63","301212631500"
"138610","나이벡","KOSDAQ","제약","48150","-2350","-4.65","547078855500"
"130580","나이스디앤비","KOSDAQ","일반서비스","5930","-170","-2.79","91322000000"
"036800","나이스정보통신","KOSDAQ","통신","24550","-350","-1.41","245500000000"
"267320","나인테크","KOSDAQ","기계·장비","3055","-135","-4.23","175403726225"
"111710","남화산업","KOSDAQ","오락·문화","4485","0","0.00","92337180000"
"091590","남화토건","KOSDAQ","건설","3880","-60","-1.52","45551200000"
"168330","내츄럴엔도텍","KOSDAQ","일반서비스","3150","-75","-2.33","100027935000"
"094860","네오리진","KOSDAQ","IT 서비스","1135","6","0.53","27296260815"
"253590","네오셈","KOSDAQ","기계·장비","9390","-260","-2.69","411931449960"
"212560","네오오토","KOSDAQ","운송장비·부품","6820","-330","-4.62","80559483620"
"095660","네오위즈","KOSDAQ","IT 서비스","25450","50","0.20","556255967200"
"042420","네오위즈홀딩스","KOSDAQ","IT 서비스","26450","150","0.57","221288185350"
"950220","네오이뮨텍","KOSDAQ","일반서비스","665","-34","-4.86","109320450575"
"311390","네오크레마","KOSDAQ","음식료·담배","5880","40","0.68","74404279320"
"085910","네오티스","KOSDAQ","운송장비·부품","8510","460","5.71","118585301180"
"092730","네오팜","KOSDAQ","화학","19910","90","0.45","319117260990"
"290660","네오펙트","KOSDAQ","의료·정밀기기","870","4","0.46","43916392440"
"306620","네온테크","KOSDAQ","기계·장비","2145","-90","-4.03","96555587700"
"153460","네이블","KOSDAQ","IT 서비스","6860","10","0.15","44795896040"
"007390","네이처셀","KOSDAQ","제약","22900","-100","-0.43","1475562782400"
"033640","네패스","KOSDAQ","전기·전자","15930","-850","-5.07","367333087860"
"330860","네패스아크","KOSDAQ","일반서비스","15670","-740","-4.51","190923985150"
"351320","넥사다이내믹스","KOSDAQ","기계·장비","1306","31","2.43","37643820112"
"089140","넥스턴앤롤코리아","KOSDAQ","기계·장비","2280","-20","-0.87","34009013520"
"389650","넥스트바이오메디컬","KOSDAQ","의료·정밀기기","88500","3500","4.12","726043911000"
"137940","넥스트아이","KOSDAQ","의료·정밀기기","314","-6","-1.88","26805863488"
"396270","넥스트칩","KOSDAQ","전기·전자","4000","-290","-6.76","80674124000"
"348210","넥스틴","KOSDAQ","기계·장비","65700","-2300","-3.38","688339228500"
"225570","넥슨게임즈","KOSDAQ","IT 서비스","12220","-90","-0.73","804811326280"
"205500","넥써쓰","KOSDAQ","IT 서비스","1968","-20","-1.01","117537211824"
"217270","넵튠","KOSDAQ","IT 서비스","4910","-140","-2.77","229472007130"
"104620","노랑풍선","KOSDAQ","일반서비스","5130","-90","-1.72","86238131760"
"473980","노머스","KOSDAQ","오락·문화","21900","200","0.92","240928951800"
"194700","노바렉스","KOSDAQ","음식료·담배","14550","210","1.46","272883038400"
"285490","노바텍","KOSDAQ","기타제조","20750","-200","-0.95","219448493250"
"145170","노브랜드","KOSDAQ","섬유·의류","4175","-65","-1.53","70592590875"
"106520","노블엠앤비","KOSDAQ","의료·정밀기기","411","0","0.00","15904036272"
"376930","노을","KOSDAQ","의료·정밀기기","2180","-90","-3.96","80544590800"
"486990","노타","KOSDAQ","IT 서비스","39750","-2550","-6.03","847630192500"
"142280","녹십자엠에스","KOSDAQ","제약","4130","-60","-1.43","89794154380"
"234690","녹십자웰빙","KOSDAQ","제약","9580","-100","-1.03","170066804080"
"054050","농우바이오","KOSDAQ","농업, 임업 및 어업","8300","-70","-0.84","133053656300"
"069140","누리플랜","KOSDAQ","금속","2560","50","1.99","33543022080"
"040160","누리플렉스","KOSDAQ","IT 서비스","3905","10","0.26","47076864175"
"332290","누보","KOSDAQ","화학","1280","-28","-2.14","51077637120"
"348340","뉴로메카","KOSDAQ","기계·장비","31600","-3050","-8.80","359257935200"
"380550","뉴로핏","KOSDAQ","IT 서비스","28300","-2700","-8.71","329315864900"
"060260","뉴보텍","KOSDAQ","화학","1240","-12","-0.96","16754891160"
"463020","뉴엔AI","KOSDAQ","IT 서비스","17230","-1120","-6.10","152988616000"
"123840","뉴온","KOSDAQ","음식료·담배","1000","10","1.01","37154307000"
"012340","뉴인텍","KOSDAQ","운송장비·부품","592","-37","-5.88","31378996704"
"462310","뉴키즈온","KOSDAQ","섬유·의류","5940","-20","-0.34","46937880000"
"270870","뉴트리","KOSDAQ","음식료·담배","5340","-70","-1.29","49129196160"
"144960","뉴파워프라즈마","KOSDAQ","기계·장비","4815","-140","-2.83","210379984560"
"085670","뉴프렉스","KOSDAQ","전기·전자","5040","-110","-2.14","123231835440"
"064260","다날","KOSDAQ","IT 서비스","6550","-520","-7.36","491718187450"
"340360","다보링크","KOSDAQ","전기·전자","1342","-88","-6.15","58983461878"
"039560","다산네트웍스","KOSDAQ","전기·전자","3180","0","0.00","125972459580"
"208860","다산디엠씨","KOSDAQ","IT 서비스","1450","-81","-5.29","49227460850"
"154040","다산솔루에타","KOSDAQ","전기·전자","1171","0","0.00","21019560074"
"032190","다우데이타","KOSDAQ","유통","20200","-500","-2.42","773660000000"
"323350","다원넥스뷰","KOSDAQ","기계·장비","5370","-90","-1.65","43017845640"
"068240","다원시스","KOSDAQ","전기·전자","2605","-190","-6.80","99415753385"
"464580","닷밀","KOSDAQ","오락·문화","2500","-15","-0.60","46015222500"
"020400","대동금속","KOSDAQ","금속","5750","-130","-2.21","18337704500"
"008830","대동기어","KOSDAQ","기계·장비","17210","-540","-3.04","154675219200"
"048470","대동스틸","KOSDAQ","유통","2850","-60","-2.06","28500000000"
"004780","대륙제관","KOSDAQ","금속","3595","-25","-0.69","57172000405"
"017650","대림제지","KOSDAQ","종이·목재","7970","20","0.25","71730000000"
"389260","대명에너지","KOSDAQ","건설","18830","-670","-3.44","337364399750"
"317850","대모","KOSDAQ","기계·장비","8390","-40","-0.47","69841883800"
"290670","대보마그네틱","KOSDAQ","전기·전자","13970","-540","-3.72","109771510200"
"078140","대봉엘에스","KOSDAQ","제약","12370","-40","-0.32","137140982230"
"065150","대산F&B","KOSDAQ","유통","145","0","0.00","23110448725"
"036480","대성미생물","KOSDAQ","제약","7210","-40","-0.55","27398000000"
"027830","대성창투","KOSDAQ","금융","1593","-36","-2.21","86022000000"
"104040","대성파인텍","KOSDAQ","운송장비·부품","699","-8","-1.13","93713410374"
"129920","대성하이텍","KOSDAQ","기계·장비","3990","-90","-2.21","54723061470"
"457630","대신밸런스제16호스팩","KOSDAQ","금융","2075","-5","-0.24","15168250000"
"471050","대신밸런스제17호스팩","KOSDAQ","금융","2185","-30","-1.35","13241100000"
"478780","대신밸런스제18호스팩","KOSDAQ","금융","3110","-195","-5.90","24600100000"
"482690","대신밸런스제19호스팩","KOSDAQ","금융","2165","-10","-0.46","12156475000"
"020180","대신정보통신","KOSDAQ","IT 서비스","1039","-17","-1.61","39927642685"
"045390","대아티아이","KOSDAQ","전기·전자","3860","-85","-2.15","272027235220"
"108380","대양전기공업","KOSDAQ","운송장비·부품","28750","50","0.17","275060823750"
"007680","대원","KOSDAQ","건설","4385","-25","-0.57","58962788490"
"048910","대원미디어","KOSDAQ","유통","7970","-330","-3.98","100254199620"
"005710","대원산업","KOSDAQ","운송장비·부품","14700","-590","-3.86","294552720000"
"120240","대정화금","KOSDAQ","화학","13260","120","0.91","95344584660"
"003310","대주산업","KOSDAQ","음식료·담배","2235","35","1.59","79101902250"
"078600","대주전자재료","KOSDAQ","전기·전자","71200","-4600","-6.07","1102218221600"
"393970","대진첨단소재","KOSDAQ","화학","5010","-500","-9.07","74322448200"
"096350","대창솔루션","KOSDAQ","금속","2190","-50","-2.23","80711928780"
"140520","대창스틸","KOSDAQ","금속","2200","-30","-1.35","46440334600"
"131220","대한과학","KOSDAQ","유통","4870","-80","-1.62","36303366300"
"010170","대한광통신","KOSDAQ","전기·전자","2445","25","1.03","322704938700"
"054670","대한뉴팜","KOSDAQ","제약","6980","180","2.65","100197341600"
"023910","대한약품","KOSDAQ","제약","30000","-350","-1.15","180000000000"
"021040","대호특수강","KOSDAQ","금속","1227","-17","-1.37","26631757698"
"021045","대호특수강우","KOSDAQ","금속","2820","0","0.00","2392747440"
"067080","대화제약","KOSDAQ","제약","18830","-280","-1.47","350551519500"
"298540","더네이쳐홀딩스","KOSDAQ","섬유·의류","9030","-60","-0.66","130812065580"
"032860","더라미","KOSDAQ","일반서비스","1472","212","16.83","59462710336"
"393890","더블유씨피","KOSDAQ","전기·전자","7140","-250","-3.38","241640048160"
"299170","더블유에스아이","KOSDAQ","유통","2475","-175","-6.60","95557866525"
"462860","더즌","KOSDAQ","통신","3815","-180","-4.51","273586655335"
"224060","더코디","KOSDAQ","기계·장비","2630","-70","-2.59","13572698860"
"043090","더테크놀로지","KOSDAQ","유통","380","0","0.00","4718944500"
"403850","더핑크퐁컴퍼니","KOSDAQ","오락·문화","27550","-850","-2.99","395370325500"
"213420","덕산네오룩스","KOSDAQ","전기·전자","38250","-700","-1.80","949792596750"
"317330","덕산테코피아","KOSDAQ","화학","18520","-1030","-5.27","379226335680"
"077360","덕산하이메탈","KOSDAQ","전기·전자","5730","-140","-2.39","260354021460"
"090410","덕신이피씨","KOSDAQ","금속","1313","-33","-2.45","60508416735"
"263600","덕우전자","KOSDAQ","전기·전자","4465","-70","-1.54","71128834150"
"194480","데브시스터즈","KOSDAQ","IT 서비스","29000","300","1.05","351745350000"
"373160","데이원컴퍼니","KOSDAQ","일반서비스","5100","-170","-3.23","70406616900"
"263800","데이타솔루션","KOSDAQ","유통","5160","-190","-3.55","83707480800"
"206560","덱스터","KOSDAQ","오락·문화","4165","-110","-2.57","105839880440"
"261200","덴티스","KOSDAQ","의료·정밀기기","4490","-105","-2.29","70985553000"
"484120","도우인시스","KOSDAQ","전기·전자","22550","-1050","-4.45","242570846100"
"067990","도이치모터스","KOSDAQ","유통","4785","-15","-0.31","139633716750"
"006620","동구바이오제약","KOSDAQ","제약","5670","-100","-1.73","161396504640"
"100130","동국S&C","KOSDAQ","금속","2080","-40","-1.89","118857440000"
"005160","동국산업","KOSDAQ","금속","2880","-75","-2.54","156224108160"
"303810","동국생명과학","KOSDAQ","제약","3710","25","0.68","118661159400"
"075970","동국알앤에스","KOSDAQ","비금속","2345","-40","-1.68","43148000000"
"086450","동국제약","KOSDAQ","제약","18320","90","0.49","828621294400"
"240550","동방메디컬","KOSDAQ","의료·정밀기기","7310","-370","-4.82","152123000600"
"099410","동방선기","KOSDAQ","운송장비·부품","4700","-80","-1.67","65800000000"
"033500","동성화인텍","KOSDAQ","화학","27250","0","0.00","817213711500"
"025950","동신건설","KOSDAQ","건설","17670","-1380","-7.24","148428000000"
"088130","동아엘텍","KOSDAQ","기계·장비","3940","-40","-1.01","68892137160"
"041930","동아화성","KOSDAQ","화학","6520","-60","-0.91","103016000000"
"060380","동양에스텍","KOSDAQ","금속","1531","-19","-1.23","30160700000"
"079960","동양이엔피","KOSDAQ","전기·전자","25350","-200","-0.78","199251000000"
"228340","동양파일","KOSDAQ","비금속","1764","0","0.00","35280000000"
"088910","동우팜투테이블","KOSDAQ","음식료·담배","2095","-5","-0.24","54117545580"
"094170","동운아나텍","KOSDAQ","전기·전자","28550","-900","-3.06","596978672800"
"013120","동원개발","KOSDAQ","건설","2815","-30","-1.05","255624801500"
"109860","동일금속","KOSDAQ","금속","7960","-40","-0.50","72436000000"
"032960","동일기연","KOSDAQ","전기·전자","15480","1150","8.03","63755850600"
"023790","동일스틸럭스","KOSDAQ","금속","1502","-57","-3.66","39261704734"
"005290","동진쎄미켐","KOSDAQ","화학","35450","-1100","-3.01","1822643812300"
"025900","동화기업","KOSDAQ","종이·목재","9060","-440","-4.63","458049002100"
"131970","두산테스나","KOSDAQ","일반서비스","41100","-1150","-2.72","794349481800"
"073190","듀오백","KOSDAQ","기타제조","1742","0","0.00","20848325680"
"176750","듀켐바이오","KOSDAQ","제약","8590","-320","-3.59","244430339800"
"030350","드래곤플라이","KOSDAQ","IT 서비스","973","0","0.00","13503093562"
"203650","드림시큐리티","KOSDAQ","IT 서비스","1572","-56","-3.44","150334830768"
"223250","드림씨아이에스","KOSDAQ","일반서비스","5820","-80","-1.36","138512065680"
"060570","드림어스컴퍼니","KOSDAQ","오락·문화","1590","-4","-0.25","117821501070"
"362990","드림인사이트","KOSDAQ","일반서비스","1721","-10","-0.58","28913787854"
"016670","디모아","KOSDAQ","유통","4600","-25","-0.54","34933476400"
"187870","디바이스","KOSDAQ","기계·장비","14210","-180","-1.25","99990213890"
"489730","디비금융제13호스팩","KOSDAQ","금융","1999","-16","-0.79","12657668000"
"0004Y0","디비금융제14호스팩","KOSDAQ","금융","2000","-20","-0.99","10630000000"
"110990","디아이티","KOSDAQ","기계·장비","13540","-550","-3.90","255906000000"
"263690","디알젬","KOSDAQ","의료·정밀기기","5510","-90","-1.61","62404111100"
"214680","디알텍","KOSDAQ","의료·정밀기기","2070","-60","-2.82","158272303500"
"347850","디앤디파마텍","KOSDAQ","일반서비스","96400","5100","5.59","4186196606400"
"263720","디앤씨미디어","KOSDAQ","오락·문화","12120","-610","-4.79","150440602920"
"376300","디어유","KOSDAQ","IT 서비스","35900","2400","7.16","852208775400"
"109740","디에스케이","KOSDAQ","기계·장비","6710","-170","-2.47","172516716900"
"031860","디에이치엑스컴퍼니","KOSDAQ","유통","687","25","3.78","13042985601"
"196490","디에이테크놀로지","KOSDAQ","기계·장비","203","0","0.00","36245520080"
"066900","디에이피","KOSDAQ","전기·전자","1985","6","0.30","45147838455"
"092070","디엔에프","KOSDAQ","화학","12700","-550","-4.15","146962596600"
"039840","디오","KOSDAQ","의료·정밀기기","16900","-150","-0.88","242938970300"
"219550","디와이디","KOSDAQ","유통","819","-74","-8.29","25616395350"
"310870","디와이씨","KOSDAQ","운송장비·부품","1355","-29","-2.10","28031252205"
"104460","디와이피엔에프","KOSDAQ","기계·장비","13930","-370","-2.59","146517146930"
"079810","디이엔티","KOSDAQ","전기·전자","5280","-270","-4.86","116308336320"
"113810","디젠스","KOSDAQ","운송장비·부품","812","-30","-3.56","26493977412"
"043360","디지아이","KOSDAQ","전기·전자","2245","-60","-2.60","20205000000"
"197140","디지캡","KOSDAQ","IT 서비스","2075","-40","-1.89","27002294550"
"068930","디지털대성","KOSDAQ","일반서비스","8070","20","0.25","223340009940"
"033130","디지틀조선","KOSDAQ","IT 서비스","1539","13","0.85","57120395913"
"105740","디케이락","KOSDAQ","기계·장비","9600","-280","-2.83","97617724800"
"263020","디케이앤디","KOSDAQ","화학","3125","-15","-0.48","43237956250"
"290550","디케이티","KOSDAQ","전기·전자","7030","-170","-2.36","140608646900"
"066670","디티씨","KOSDAQ","전기·전자","3290","10","0.30","61496410220"
"187220","디티앤씨","KOSDAQ","일반서비스","2495","-85","-3.29","29186562395"
"383930","디티앤씨알오","KOSDAQ","일반서비스","3430","-60","-1.72","43849559040"
"131180","딜리","KOSDAQ","전기·전자","969","1","0.10","28440150000"
"315640","딥노이드","KOSDAQ","IT 서비스","3960","-235","-5.60","89245680480"
"317120","라닉스","KOSDAQ","전기·전자","1996","-69","-3.34","30458960000"
"462510","라메디텍","KOSDAQ","의료·정밀기기","6800","-70","-1.02","59860162000"
"042510","라온시큐어","KOSDAQ","IT 서비스","9440","-230","-2.38","105776842560"
"232680","라온테크","KOSDAQ","기계·장비","8900","-520","-5.52","111554682600"
"418420","라온텍","KOSDAQ","전기·전자","4270","-160","-3.61","130146645160"
"300120","라온피플","KOSDAQ","IT 서비스","2165","-80","-3.56","45161925980"
"171120","라이온켐텍","KOSDAQ","화학","2255","10","0.45","80958468800"
"388790","라이콤","KOSDAQ","전기·전자","2660","-60","-2.21","81420996020"
"214260","라파스","KOSDAQ","화학","13850","330","2.44","123576112550"
"171010","램테크놀러지","KOSDAQ","화학","3960","-115","-2.82","56623057920"
"084650","랩지노믹스","KOSDAQ","일반서비스","1800","-101","-5.31","133631982000"
"217500","러셀","KOSDAQ","기계·장비","1967","-83","-4.05","62574204000"
"038390","레드캡투어","KOSDAQ","일반서비스","11780","-100","-0.84","196971283160"
"294140","레몬","KOSDAQ","화학","4825","-435","-8.27","108151496850"
"443250","레뷰코퍼레이션","KOSDAQ","일반서비스","11520","-730","-5.96","128172211200"
"228670","레이","KOSDAQ","의료·정밀기기","6900","-280","-3.90","107654145000"
"228850","레이언스","KOSDAQ","의료·정밀기기","5040","-70","-1.37","83618710560"
"412350","레이저쎌","KOSDAQ","기계·장비","1990","-55","-2.69","17366674280"
"199550","레이저옵텍","KOSDAQ","의료·정밀기기","6000","-90","-1.48","73594746000"
"281740","레이크머티리얼즈","KOSDAQ","화학","15040","-590","-3.77","988587441920"
"277810","레인보우로보틱스","KOSDAQ","기계·장비","460000","-18500","-3.87","8923934680000"
"215100","로보로보","KOSDAQ","전기·전자","7780","-610","-7.27","158310972120"
"090360","로보스타","KOSDAQ","기계·장비","75500","-6300","-7.70","736125000000"
"108490","로보티즈","KOSDAQ","기계·장비","291500","-21500","-6.87","4247180652000"
"900260","로스웰","KOSDAQ","금융","1570","-1","-0.06","72266638420"
"033290","로젠","KOSDAQ","유통","2290","85","3.85","128597929290"
"067730","로지시스","KOSDAQ","IT 서비스","2705","-75","-2.70","26167959010"
"071280","로체시스템즈","KOSDAQ","기계·장비","9050","-190","-2.06","138434257150"
"376900","로킷헬스케어","KOSDAQ","제약","80600","700","0.88","1262316013400"
"214610","롤링스톤","KOSDAQ","의료·정밀기기","4300","35","0.82","36048284600"
"328130","루닛","KOSDAQ","IT 서비스","38650","-950","-2.40","1130773232900"
"038060","루멘스","KOSDAQ","전기·전자","659","-3","-0.45","31699922471"
"474170","루미르","KOSDAQ","운송장비·부품","8060","-440","-5.18","143610629760"
"141080","리가켐바이오","KOSDAQ","일반서비스","172200","-5700","-3.20","6304300203600"
"058470","리노공업","KOSDAQ","전기·전자","59300","-2300","-3.73","4519362705000"
"016100","리더스코스메틱","KOSDAQ","종이·목재","2105","5","0.24","40207381870"
"012700","리드코프","KOSDAQ","유통","3805","-30","-0.78","100627543675"
"302550","리메드","KOSDAQ","의료·정밀기기","3100","95","3.16","97636136800"
"073570","리튬포어스","KOSDAQ","기타제조","927","-36","-3.74","55793016207"
"377450","리파인","KOSDAQ","IT 서비스","13080","-10","-0.08","226676400000"
"277070","린드먼아시아","KOSDAQ","금융","4680","-30","-0.64","64078560000"
"042500","링네트","KOSDAQ","IT 서비스","4000","-25","-0.62","89164576000"
"193250","링크드","KOSDAQ","전기·전자","403","-9","-2.18","26030742439"
"474650","링크솔루션","KOSDAQ","기계·장비","56200","-5100","-8.32","313541598400"
"219420","링크제니시스","KOSDAQ","IT 서비스","5040","-110","-2.14","57806315280"
"439090","마녀공장","KOSDAQ","화학","14050","-140","-0.99","230114553000"
"195500","마니커에프앤지","KOSDAQ","음식료·담배","2770","-20","-0.72","44259060000"
"377480","마음AI","KOSDAQ","IT 서비스","18550","-640","-3.34","131895601250"
"305090","마이크로디지탈","KOSDAQ","의료·정밀기기","8810","760","9.44","163576353630"
"098120","마이크로컨텍솔","KOSDAQ","전기·전자","17570","-790","-4.30","146055298620"
"424980","마이크로투나노","KOSDAQ","전기·전자","7560","-430","-5.38","44746808400"
"038290","마크로젠","KOSDAQ","일반서비스","17060","300","1.79","184954284000"
"267980","매일유업","KOSDAQ","음식료·담배","35900","-150","-0.42","275124604200"
"005990","매일홀딩스","KOSDAQ","음식료·담배","11190","-50","-0.44","148808021760"
"093520","매커스","KOSDAQ","유통","21450","-350","-1.61","303798323400"
"100590","머큐리","KOSDAQ","전기·전자","3180","-50","-1.55","50339473140"
"067280","멀티캠퍼스","KOSDAQ","일반서비스","32950","-350","-1.05","195287368050"
"072870","메가스터디","KOSDAQ","오락·문화","11580","-110","-0.94","138044705220"
"215200","메가스터디교육","KOSDAQ","일반서비스","44550","0","0.00","461770372800"
"133750","메가엠디","KOSDAQ","일반서비스","1811","-3","-0.17","42390216447"
"446540","메가터치","KOSDAQ","전기·전자","3525","-155","-4.21","73217775000"
"235980","메드팩토","KOSDAQ","일반서비스","6360","-170","-2.60","217989769560"
"041920","메디아나","KOSDAQ","의료·정밀기기","9440","-230","-2.38","175567225120"
"014100","메디앙스","KOSDAQ","유통","1851","-1","-0.05","21841800000"
"054180","메디콕스","KOSDAQ","운송장비·부품","2295","0","0.00","12686716395"
"086900","메디톡스","KOSDAQ","제약","122600","1100","0.91","894795732200"
"078160","메디포스트","KOSDAQ","제약","17530","-470","-2.61","687256690590"
"0088D0","메리츠제1호스팩","KOSDAQ","금융","1988","-57","-2.79","11520460000"
"408920","메쎄이상","KOSDAQ","일반서비스","3265","-130","-3.83","141153965575"
"021880","메이슨캐피탈","KOSDAQ","금융","243","1","0.41","51560811144"
"140410","메지온","KOSDAQ","일반서비스","97000","20700","27.13","2945299658000"
"241770","메카로","KOSDAQ","전기·전자","20850","-1500","-6.71","212516544000"
"059210","메타바이오메드","KOSDAQ","제약","5010","-10","-0.20","140752448010"
"058110","멕아이씨에스","KOSDAQ","의료·정밀기기","1917","-43","-2.19","30768866010"
"434480","모니터랩","KOSDAQ","IT 서비스","4010","-10","-0.25","49364303000"
"080420","모다이노칩","KOSDAQ","유통","1999","13","0.65","159363522378"
"417970","모델솔루션","KOSDAQ","기계·장비","23900","-2350","-8.95","152881130000"
"080160","모두투어","KOSDAQ","일반서비스","10300","-110","-1.06","194670000000"
"087260","모바일어플라이언스","KOSDAQ","IT 서비스","1666","46","2.84","54233066426"
"101330","모베이스","KOSDAQ","전기·전자","3140","-40","-1.26","72681671060"
"012860","모베이스전자","KOSDAQ","운송장비·부품","1347","-28","-2.04","98645466579"
"363260","모비데이즈","KOSDAQ","일반서비스","1627","-44","-2.63","52330452163"
"348030","모비릭스","KOSDAQ","IT 서비스","3250","-35","-1.07","31212350000"
"250060","모비스","KOSDAQ","IT 서비스","2975","-115","-3.72","95709659150"
"288980","모아데이타","KOSDAQ","IT 서비스","893","-12","-1.33","30859009866"
"142760","모아라이프플러스","KOSDAQ","일반서비스","1845","92","5.25","72053748090"
"033200","모아텍","KOSDAQ","전기·전자","3365","-95","-2.75","48224437525"
"333050","모코엠시스","KOSDAQ","IT 서비스","1340","-10","-0.74","32981856840"
"118990","모트렉스","KOSDAQ","운송장비·부품","8800","380","4.51","218785512000"
"463480","모티브링크","KOSDAQ","전기·전자","8220","-210","-2.49","101848742760"
"006920","모헨즈","KOSDAQ","비금속","3290","-405","-10.96","35926800000"
"001810","무림SP","KOSDAQ","종이·목재","1501","0","0.00","33228387500"
"279600","미디어젠","KOSDAQ","IT 서비스","7080","-110","-1.53","33168249480"
"095500","미래나노텍","KOSDAQ","화학","11130","-390","-3.39","345141288870"
"254490","미래반도체","KOSDAQ","유통","14420","-260","-1.77","208195960000"
"218150","미래생명자원","KOSDAQ","음식료·담배","3085","-50","-1.59","62982749170"
"100790","미래에셋벤처투자","KOSDAQ","금융","10390","-280","-2.62","551964947260"
"448830","미래에셋비전스팩3호","KOSDAQ","금융","3365","-330","-8.93","16555800000"
"477380","미래에셋비전스팩4호","KOSDAQ","금융","2060","5","0.24","16686000000"
"477470","미래에셋비전스팩5호","KOSDAQ","금융","2110","15","0.72","11562800000"
"478440","미래에셋비전스팩6호","KOSDAQ","금융","2020","-10","-0.49","13998600000"
"482680","미래에셋비전스팩7호","KOSDAQ","금융","2005","-10","-0.50","16471075000"
"0093G0","미래에셋비전스팩8호","KOSDAQ","금융","1982","1","0.05","12684800000"
"0096D0","미래에셋비전스팩9호","KOSDAQ","금융","1996","-19","-0.94","10978000000"
"049950","미래컴퍼니","KOSDAQ","기계·장비","17900","-900","-4.79","157840123600"
"207760","미스터블루","KOSDAQ","IT 서비스","1316","-64","-4.64","109332994428"
"059090","미코","KOSDAQ","전기·전자","13150","-610","-4.43","439430630700"
"201490","미투온","KOSDAQ","IT 서비스","3560","-140","-3.78","116033963600"
"475460","미트박스","KOSDAQ","IT 서비스","8820","-60","-0.68","49506880500"
"452200","민테크","KOSDAQ","의료·정밀기기","2325","-75","-3.13","55165972500"
"206640","바디텍메드","KOSDAQ","제약","13180","50","0.38","309552860800"
"018700","바른손","KOSDAQ","유통","940","-14","-1.47","33012571580"
"035620","바른손이앤에이","KOSDAQ","오락·문화","402","6","1.52","29924749350"
"053030","바이넥스","KOSDAQ","제약","16250","360","2.27","531118055000"
"301300","바이브컴퍼니","KOSDAQ","IT 서비스","3475","20","0.58","45712624200"
"064550","바이오니아","KOSDAQ","제약","13750","530","4.01","354891501250"
"314930","바이오다인","KOSDAQ","의료·정밀기기","13600","-520","-3.68","404791800800"
"489460","바이오비쥬","KOSDAQ","화학","13390","490","3.80","201444917700"
"086820","바이오솔루션","KOSDAQ","제약","8140","310","3.96","197690563400"
"038460","바이오스마트","KOSDAQ","전기·전자","3720","-250","-6.30","97331709360"
"251120","바이오에프디엔씨","KOSDAQ","제약","15800","-180","-1.13","137392060000"
"199730","바이오인프라","KOSDAQ","일반서비스","4580","-155","-3.27","22278800860"
"086040","바이오톡스텍","KOSDAQ","일반서비스","2715","20","0.74","43326640605"
"188040","바이오포트","KOSDAQ","음식료·담배","8760","-90","-1.02","40990738080"
"099430","바이오플러스","KOSDAQ","제약","5480","-120","-2.14","337791156560"
"032980","바이온","KOSDAQ","유통","604","0","0.00","18354952980"
"308080","바이젠셀","KOSDAQ","일반서비스","10980","-1140","-9.41","224531118000"
"043150","바텍","KOSDAQ","의료·정밀기기","19400","-330","-1.67","288172566400"
"323990","박셀바이오","KOSDAQ","일반서비스","10410","-270","-2.53","242108961450"
"267790","배럴","KOSDAQ","섬유·의류","3595","0","0.00","27643065855"
"046310","백금T&A","KOSDAQ","전기·전자","3355","-5","-0.15","55084540555"
"331520","밸로프","KOSDAQ","IT 서비스","581","1","0.17","29552210590"
"199480","뱅크웨어글로벌","KOSDAQ","IT 서비스","5520","-400","-6.76","56285165760"
"438700","버넥트","KOSDAQ","IT 서비스","3195","-90","-2.74","35607923550"
"066410","버킷스튜디오","KOSDAQ","통신","1153","0","0.00","159637252154"
"382900","범한퓨얼셀","KOSDAQ","전기·전자","28500","-1000","-3.39","249688500000"
"206400","베노티앤알","KOSDAQ","건설","1573","8","0.51","59003478534"
"019010","베뉴지","KOSDAQ","유통","2575","-70","-2.65","124115000000"
"177350","베셀","KOSDAQ","기계·장비","1293","-32","-2.42","25412320731"
"457600","벡트","KOSDAQ","전기·전자","2970","-55","-1.82","40711275000"
"424760","벨로크","KOSDAQ","IT 서비스","1107","-33","-2.89","21769157214"
"250000","보라티알","KOSDAQ","유통","8060","-20","-0.25","54410907980"
"310210","보로노이","KOSDAQ","일반서비스","212500","3500","1.67","3908538212500"
"006910","보성파워텍","KOSDAQ","금속","5000","-360","-6.72","245649120000"
"226340","본느","KOSDAQ","화학","675","-2","-0.30","28317883500"
"014470","부방","KOSDAQ","부동산","1448","-12","-0.82","86955672480"
"008470","부스타","KOSDAQ","금속","3940","-40","-1.01","33114912000"
"338220","뷰노","KOSDAQ","IT 서비스","22900","-1050","-4.38","320641746700"
"100120","뷰웍스","KOSDAQ","의료·정밀기기","20000","-200","-0.99","195000000000"
"406820","뷰티스킨","KOSDAQ","화학","13320","1030","8.38","47073412800"
"099390","브레인즈컴퍼니","KOSDAQ","IT 서비스","5470","-80","-1.44","44899308010"
"064480","브리지텍","KOSDAQ","IT 서비스","4690","-70","-1.47","56057225000"
"365900","브이씨","KOSDAQ","기타제조","2830","65","2.35","20688149000"
"089970","브이엠","KOSDAQ","기계·장비","26150","-700","-2.61","638365824250"
"251630","브이원텍","KOSDAQ","기계·장비","5640","-80","-1.40","89917877040"
"018290","브이티","KOSDAQ","화학","18250","-30","-0.16","637688543500"
"478560","블랙야크아이앤씨","KOSDAQ","섬유·의류","3685","-65","-1.73","95184648130"
"439580","블루엠텍","KOSDAQ","유통","4740","-45","-0.94","160432632780"
"033560","블루콤","KOSDAQ","전기·전자","2985","10","0.34","51043500000"
"369370","블리츠웨이엔터테인먼트","KOSDAQ","오락·문화","1405","2","0.14","70070034955"
"126340","비나텍","KOSDAQ","전기·전자","71300","-1500","-2.06","468703954400"
"121800","비덴트","KOSDAQ","전기·전자","3320","0","0.00","256309348520"
"082800","비보존 제약","KOSDAQ","제약","4265","-10","-0.23","213696400490"
"318410","비비씨","KOSDAQ","화학","7980","90","1.14","44330839140"
"419540","비스토스","KOSDAQ","의료·정밀기기","1134","-22","-1.90","26073507474"
"146320","비씨엔씨","KOSDAQ","전기·전자","12860","-310","-2.35","164581289780"
"200780","비씨월드제약","KOSDAQ","제약","5350","100","1.90","52088884000"
"413640","비아이매트릭스","KOSDAQ","IT 서비스","9850","-180","-1.79","70988359000"
"141000","비아트론","KOSDAQ","기계·장비","7600","-10","-0.13","92071796000"
"083650","비에이치아이","KOSDAQ","기계·장비","56200","-2100","-3.60","1739073875000"
"473370","비엔케이제2호스팩","KOSDAQ","금융","2405","35","1.48","10125050000"
"0068Y0","비엔케이제3호스팩","KOSDAQ","금융","1995","-5","-0.25","8598450000"
"065170","비엘팜텍","KOSDAQ","유통","578","-9","-1.53","15422788450"
"086670","비엠티","KOSDAQ","기계·장비","12640","-310","-2.39","125463186400"
"230980","비유테크놀러지","KOSDAQ","IT 서비스","229","0","0.00","21370407553"
"488900","비츠로넥스텍","KOSDAQ","운송장비·부품","9780","-460","-4.49","283389612540"
"082920","비츠로셀","KOSDAQ","전기·전자","18850","-610","-3.13","431141215050"
"054220","비츠로시스","KOSDAQ","전기·전자","401","7","1.78","24041185481"
"042370","비츠로테크","KOSDAQ","금융","9100","-1020","-10.08","238420227500"
"050090","비케이홀딩스","KOSDAQ","일반서비스","903","27","3.08","17865615705"
"148780","비큐AI","KOSDAQ","IT 서비스","1342","-37","-2.68","42200162950"
"307870","비투엔","KOSDAQ","IT 서비스","1066","-2","-0.19","63495768726"
"377030","비트맥스","KOSDAQ","IT 서비스","1882","-98","-4.95","70069159804"
"032850","비트컴퓨터","KOSDAQ","IT 서비스","4845","-75","-1.52","80539854585"
"049470","비트플래닛","KOSDAQ","IT 서비스","1007","-34","-3.27","118548569486"
"238200","비피도","KOSDAQ","음식료·담배","3130","5","0.16","25603400000"
"093190","빅솔론","KOSDAQ","전기·전자","6030","10","0.17","116010597150"
"065450","빅텍","KOSDAQ","의료·정밀기기","3605","-50","-1.37","103293344000"
"044480","빌리언스","KOSDAQ","화학","311","-6","-1.89","25086419408"
"069540","빛과전자","KOSDAQ","전기·전자","697","-8","-1.13","41410767602"
"072950","빛샘전자","KOSDAQ","전기·전자","5340","-30","-0.56","43000937400"
"451250","삐아","KOSDAQ","화학","9470","-90","-0.94","96839055190"
"143240","사람인","KOSDAQ","IT 서비스","13310","-350","-2.56","155850290530"
"466410","사이냅소프트","KOSDAQ","IT 서비스","12660","-130","-1.02","63768711180"
"223310","사토시홀딩스","KOSDAQ","유통","1930","-75","-3.74","50224803020"
"452430","사피엔반도체","KOSDAQ","전기·전자","33000","-2050","-5.85","271195518000"
"419120","산돌","KOSDAQ","IT 서비스","4245","-165","-3.74","64241737215"
"122350","삼기","KOSDAQ","운송장비·부품","1258","-21","-1.64","48231000424"
"419050","삼기에너지솔루션즈","KOSDAQ","운송장비·부품","1826","-52","-2.77","104440334240"
"014970","삼륭물산","KOSDAQ","종이·목재","8610","410","5.00","130226250000"
"018310","삼목에스폼","KOSDAQ","금속","20600","-350","-1.67","302820000000"
"053700","삼보모터스","KOSDAQ","운송장비·부품","3965","-35","-0.88","90708058350"
"009620","삼보산업","KOSDAQ","금속","1745","-61","-3.38","28593728795"
"023600","삼보판지","KOSDAQ","종이·목재","9900","40","0.41","158482170000"
"0044K0","삼성스팩10호","KOSDAQ","금융","1988","-11","-0.55","14949760000"
"0071M0","삼성스팩11호","KOSDAQ","금융","2010","-10","-0.50","11577600000"
"0096B0","삼성스팩12호","KOSDAQ","금융","2030","-70","-3.33","13357400000"
"009300","삼아제약","KOSDAQ","제약","16180","-90","-0.55","103066600000"
"482630","삼양엔씨켐","KOSDAQ","화학","19500","-850","-4.18","213410730000"
"484590","삼양컴텍","KOSDAQ","금속","13160","-690","-4.98","542329522000"
"036670","삼양케이씨아이","KOSDAQ","화학","6720","-60","-0.88","75734400000"
"361670","삼영에스앤씨","KOSDAQ","전기·전자","3505","-75","-2.09","19865141290"
"054540","삼영엠텍","KOSDAQ","금속","13580","-670","-4.70","176540000000"
"065570","삼영이엔씨","KOSDAQ","전기·전자","764","0","0.00","12295692232"
"014950","삼익제약","KOSDAQ","제약","15200","0","0.00","139405477600"
"032280","삼일","KOSDAQ","운송·창고","1406","-14","-0.99","22796307540"
"002290","삼일기업공사","KOSDAQ","건설","4000","-70","-1.72","49600000000"
"037460","삼지전자","KOSDAQ","전기·전자","14060","-30","-0.21","229438419320"
"032750","삼진","KOSDAQ","전기·전자","3695","0","0.00","33369995790"
"054090","삼진엘앤디","KOSDAQ","기타제조","821","6","0.74","20491529472"
"000250","삼천당제약","KOSDAQ","제약","227500","-3500","-1.52","5336574880000"
"024950","삼천리자전거","KOSDAQ","유통","4285","20","0.47","56877277445"
"038500","삼표시멘트","KOSDAQ","비금속","4850","-540","-10.02","523394084100"
"437730","삼현","KOSDAQ","운송장비·부품","50400","-1600","-3.08","1598061376800"
"017480","삼현철강","KOSDAQ","금속","4655","-45","-0.96","73096952950"
"046390","삼화네트웍스","KOSDAQ","오락·문화","1182","-8","-0.67","51030406806"
"027580","상보","KOSDAQ","화학","764","2","0.26","45214497156"
"038540","상상인","KOSDAQ","IT 서비스","1735","6","0.35","95994623055"
"452670","상상인제4호스팩","KOSDAQ","금융","2085","5","0.24","10883700000"
"091580","상신이디피","KOSDAQ","전기·전자","14440","-940","-6.11","192459482360"
"263810","상신전자","KOSDAQ","전기·전자","3215","0","0.00","51198312375"
"089980","상아프론테크","KOSDAQ","화학","17000","-320","-1.85","271813629000"
"042940","상지건설","KOSDAQ","건설","12330","-1220","-9.00","84198018960"
"042600","새로닉스","KOSDAQ","전기·전자","13680","-790","-5.46","169954492320"
"107600","새빗켐","KOSDAQ","화학","32100","-2200","-6.41","180724733400"
"411080","샌즈랩","KOSDAQ","IT 서비스","7040","-210","-2.90","107484171520"
"252990","샘씨엔에스","KOSDAQ","전기·전자","6680","-190","-2.77","390032260840"
"378800","샤페론","KOSDAQ","제약","1943","42","2.21","89850209233"
"294630","서남","KOSDAQ","전기·전자","2570","30","1.18","62050334430"
"038070","서린바이오","KOSDAQ","유통","6650","-120","-1.77","60519495400"
"006730","서부T&D","KOSDAQ","일반서비스","12590","-780","-5.83","823724960570"
"079650","서산","KOSDAQ","비금속","1415","-5","-0.35","28300000000"
"100660","서암기계공업","KOSDAQ","기계·장비","4585","-140","-2.96","57771000000"
"019770","서연탑메탈","KOSDAQ","기계·장비","3770","-30","-0.79","43920500000"
"043710","서울리거","KOSDAQ","유통","849","-6","-0.70","73491570990"
"092190","서울바이오시스","KOSDAQ","전기·전자","2500","-40","-1.57","114670957500"
"046890","서울반도체","KOSDAQ","전기·전자","6340","-80","-1.25","369656236000"
"063170","서울옥션","KOSDAQ","유통","6930","-190","-2.67","123175670310"
"027040","서울전자통신","KOSDAQ","전기·전자","195","-1","-0.51","13569825165"
"018680","서울제약","KOSDAQ","제약","3065","-100","-3.16","35735812735"
"036120","서울평가정보","KOSDAQ","IT 서비스","2200","50","2.33","78100000000"
"093920","서원인텍","KOSDAQ","전기·전자","5690","-10","-0.18","105834000000"
"189860","서전기전","KOSDAQ","전기·전자","3170","-15","-0.47","30745132600"
"178320","서진시스템","KOSDAQ","전기·전자","25700","-800","-3.02","1446451229300"
"122690","서진오토모티브","KOSDAQ","운송장비·부품","2450","-230","-8.58","54786794650"
"140070","서플러스글로벌","KOSDAQ","유통","2115","-25","-1.17","78229620000"
"011370","서한","KOSDAQ","건설","924","-9","-0.96","93226855260"
"065710","서호전기","KOSDAQ","전기·전자","54100","-200","-0.37","278615000000"
"035890","서희건설","KOSDAQ","건설","1623","0","0.00","372979125711"
"357550","석경에이티","KOSDAQ","화학","67300","-1100","-1.61","367121500000"
"003100","선광","KOSDAQ","운송·창고","20300","-200","-0.98","133980000000"
"067370","선바이오","KOSDAQ","제약","5950","-30","-0.50","72551652250"
"217620","선샤인푸드","KOSDAQ","일반서비스","3810","0","0.00","26803681470"
"171090","선익시스템","KOSDAQ","기계·장비","52800","-1600","-2.94","504847411200"
"086710","선진뷰티사이언스","KOSDAQ","화학","9290","0","0.00","113368471200"
"014620","성광벤드","KOSDAQ","금속","26300","-500","-1.87","698458673200"
"037350","성도이엔지","KOSDAQ","일반서비스","6330","-130","-2.01","97925100000"
"458650","성우","KOSDAQ","전기·전자","10300","-270","-2.55","154970401000"
"081580","성우전자","KOSDAQ","전기·전자","2265","-25","-1.09","35125943895"
"045300","성우테크론","KOSDAQ","전기·전자","3110","-10","-0.32","32180305150"
"015750","성우하이텍","KOSDAQ","운송장비·부품","6780","-150","-2.16","542400000000"
"365340","성일하이텍","KOSDAQ","화학","42250","-2600","-5.80","516947593500"
"080470","성창오토텍","KOSDAQ","운송장비·부품","4030","-15","-0.37","29419000000"
"043260","성호전자","KOSDAQ","전기·전자","5750","240","4.36","407806232250"
"148150","세경하이테크","KOSDAQ","전기·전자","5090","-160","-3.05","182529583610"
"061090","세나테크놀로지","KOSDAQ","전기·전자","48800","-750","-1.51","272170971200"
"188260","세니젠","KOSDAQ","기타제조","2010","-30","-1.47","14529224700"
"053060","세동","KOSDAQ","운송장비·부품","1267","-22","-1.71","22371949873"
"340440","세림B&G","KOSDAQ","화학","1511","-26","-1.69","42879708004"
"017510","세명전기","KOSDAQ","금속","9070","-200","-2.16","138281220000"
"011560","세보엠이씨","KOSDAQ","건설","14850","-150","-1.00","156370500000"
"396300","세아메카닉스","KOSDAQ","금속","2530","-100","-3.80","67018435000"
"100700","세운메디칼","KOSDAQ","제약","2485","-20","-0.80","108843000000"
"024830","세원물산","KOSDAQ","운송장비·부품","10410","-190","-1.79","86923500000"
"258830","세종메디칼","KOSDAQ","의료·정밀기기","412","0","0.00","27103976612"
"036630","세종텔레콤","KOSDAQ","건설","13420","1360","11.28","134200000000"
"039310","세중","KOSDAQ","IT 서비스","1310","-12","-0.91","23739383770"
"067770","세진티에스","KOSDAQ","전기·전자","2260","-5","-0.22","18976300180"
"053450","세코닉스","KOSDAQ","의료·정밀기기","5020","-80","-1.57","74259871060"
"222810","세토피아","KOSDAQ","금속","5400","0","0.00","81712098000"
"252500","세화피앤씨","KOSDAQ","화학","801","-12","-1.48","33230598390"
"321370","센서뷰","KOSDAQ","전기·전자","1004","-44","-4.20","45323938460"
"347000","센코","KOSDAQ","의료·정밀기기","2130","-35","-1.62","80537101980"
"331920","셀레믹스","KOSDAQ","제약","2860","-130","-4.35","23349463280"
"352770","셀레스트라","KOSDAQ","일반서비스","5250","0","0.00","13610136750"
"471820","셀로맥스사이언스","KOSDAQ","음식료·담배","6560","-420","-6.02","75972691680"
"049180","셀루메드","KOSDAQ","제약","719","-12","-1.64","39514128297"
"299660","셀리드","KOSDAQ","일반서비스","3085","-35","-1.12","91016684045"
"108860","셀바스AI","KOSDAQ","IT 서비스","12300","-580","-4.50","331051917000"
"208370","셀바스헬스케어","KOSDAQ","의료·정밀기기","5640","-380","-6.31","145176780960"
"318160","셀바이오휴먼텍","KOSDAQ","섬유·의류","8910","0","0.00","83230100910"
"308430","셀비온","KOSDAQ","제약","24000","50","0.21","307956240000"
"068760","셀트리온제약","KOSDAQ","제약","63400","-300","-0.47","2769433728000"
"068940","셀피글로벌","KOSDAQ","전기·전자","778","0","0.00","35720093048"
"007720","소노스퀘어","KOSDAQ","유통","670","-12","-1.76","67536301500"
"290690","소룩스","KOSDAQ","전기·전자","5210","150","2.96","254009152760"
"950200","소마젠","KOSDAQ","일반서비스","3960","75","1.93","76174769880"
"032680","소프트센","KOSDAQ","IT 서비스","314","2","0.64","33155499896"
"032685","소프트센우","KOSDAQ","IT 서비스","6090","-30","-0.49","2174994780"
"258790","소프트캠프","KOSDAQ","IT 서비스","1395","20","1.45","34862841180"
"066910","손오공","KOSDAQ","유통","658","-9","-1.35","44042021912"
"215090","솔디펜스","KOSDAQ","의료·정밀기기","2400","-70","-2.83","55573586400"
"035610","솔본","KOSDAQ","일반서비스","3625","-35","-0.96","99129239125"
"357780","솔브레인","KOSDAQ","화학","248500","-7500","-2.93","1932973651000"
"036830","솔브레인홀딩스","KOSDAQ","일반서비스","39050","-1150","-2.86","818646386800"
"304100","솔트룩스","KOSDAQ","IT 서비스","28650","-1800","-5.91","360813945750"
"328380","솔트웨어","KOSDAQ","IT 서비스","843","-12","-1.40","28883521854"
"086980","쇼박스","KOSDAQ","오락·문화","2460","-25","-1.01","154089480000"
"050960","수산아이앤티","KOSDAQ","IT 서비스","9050","-180","-1.95","61096550000"
"084180","수성웹툰","KOSDAQ","기계·장비","3355","5","0.15","60639219465"
"253840","수젠텍","KOSDAQ","제약","6450","-150","-2.27","107993640000"
"298830","슈어소프트테크","KOSDAQ","IT 서비스","7060","-80","-1.12","371490570660"
"236200","슈프리마","KOSDAQ","전기·전자","36450","-700","-1.88","264527600850"
"094840","슈프리마에이치큐","KOSDAQ","전기·전자","6510","-120","-1.81","68171678400"
"192440","슈피겐코리아","KOSDAQ","기타제조","23400","-750","-3.11","145462894200"
"424960","스마트레이더시스템","KOSDAQ","의료·정밀기기","8460","-10","-0.12","139464030600"
"099440","스맥","KOSDAQ","기계·장비","7070","20","0.28","482480795580"
"276040","스코넥","KOSDAQ","IT 서비스","1723","-23","-1.32","37269067205"
"060240","스타코링크","KOSDAQ","운송장비·부품","1976","0","0.00","11502414560"
"115570","스타플렉스","KOSDAQ","화학","3245","-30","-0.92","25909728460"
"330730","스톤브릿지벤처스","KOSDAQ","금융","6050","340","5.95","109812521500"
"352090","스톰테크","KOSDAQ","화학","3790","-75","-1.94","101848662420"
"253450","스튜디오드래곤","KOSDAQ","오락·문화","39300","50","0.13","1181298971400"
"408900","스튜디오미르","KOSDAQ","오락·문화","2995","-140","-4.47","98024948340"
"204630","스튜디오산타클로스","KOSDAQ","오락·문화","4650","0","0.00","23668225650"
"415380","스튜디오삼익","KOSDAQ","유통","2380","0","0.00","27234280500"
"013810","스페코","KOSDAQ","기계·장비","2345","-45","-1.88","34367077150"
"347700","스피어","KOSDAQ","IT 서비스","12530","490","4.07","491532090070"
"049830","승일","KOSDAQ","금속","8530","10","0.12","52306915360"
"020710","시공테크","KOSDAQ","일반서비스","4225","-55","-1.29","84702673250"
"033170","시그네틱스","KOSDAQ","전기·전자","727","-25","-3.32","62324487913"
"048870","시너지이노베이션","KOSDAQ","의료·정밀기기","2385","-35","-1.45","210135106755"
"025320","시노펙스","KOSDAQ","전기·전자","6610","-130","-1.93","579918739060"
"340810","시선AI","KOSDAQ","IT 서비스","2840","-75","-2.57","36795272880"
"269620","시스웍","KOSDAQ","의료·정밀기기","889","0","0.00","132090012299"
"056090","시지메드텍","KOSDAQ","의료·정밀기기","1294","-2","-0.15","133617192584"
"429270","시지트로닉스","KOSDAQ","전기·전자","4625","-245","-5.03","21543943750"
"418250","시큐레터","KOSDAQ","IT 서비스","6550","0","0.00","45439033350"
"131090","시큐브","KOSDAQ","IT 서비스","3890","40","1.04","31120000000"
"290520","신도기연","KOSDAQ","기계·장비","1618","-37","-2.24","25773707716"
"001000","신라섬유","KOSDAQ","부동산","2350","50","2.17","57052219000"
"025870","신라에스지","KOSDAQ","유통","5420","-70","-1.28","21680000000"
"215600","신라젠","KOSDAQ","일반서비스","3590","-10","-0.28","495886111240"
"065350","신성델타테크","KOSDAQ","전기·전자","59300","-4200","-6.61","1629798116400"
"416180","신성에스티","KOSDAQ","운송장비·부품","36100","-1500","-3.99","326335985800"
"162300","신스틸","KOSDAQ","금속","1775","2","0.11","73611703050"
"290560","신시웨이","KOSDAQ","IT 서비스","7830","-410","-4.98","29183365260"
"002800","신신제약","KOSDAQ","제약","5420","80","1.50","82224110000"
"472220","신영스팩10호","KOSDAQ","금융","2175","-20","-0.91","10200750000"
"0091W0","신영스팩11호","KOSDAQ","금융","1999","-11","-0.55","12129932000"
"017000","신원종합개발","KOSDAQ","건설","3365","-250","-6.92","39262910855"
"012790","신일제약","KOSDAQ","제약","6240","0","0.00","74795229600"
"138070","신진에스엠","KOSDAQ","금속","2065","-20","-0.96","36144116260"
"226330","신테카바이오","KOSDAQ","IT 서비스","3965","-105","-2.58","60499853375"
"452980","신한제11호스팩","KOSDAQ","금융","2075","-5","-0.24","39227875000"
"474660","신한제12호스팩","KOSDAQ","금융","2100","0","0.00","11592000000"
"474930","신한제13호스팩","KOSDAQ","금융","2155","-5","-0.23","7801100000"
"487360","신한제14호스팩","KOSDAQ","금융","2030","0","0.00","11449200000"
"487830","신한제15호스팩","KOSDAQ","금융","2045","5","0.25","8895750000"
"496070","신한제16호스팩","KOSDAQ","금융","2020","-20","-0.98","11352400000"
"056700","신화인터텍","KOSDAQ","화학","1722","-4","-0.23","50170626702"
"187270","신화콘텍","KOSDAQ","전기·전자","3145","-35","-1.10","31902392525"
"243840","신흥에스이씨","KOSDAQ","전기·전자","5540","-170","-2.98","213612621900"
"257720","실리콘투","KOSDAQ","유통","42600","1050","2.53","2605923280800"
"222800","심텍","KOSDAQ","전기·전자","48900","-1300","-2.59","1814901984000"
"036710","심텍홀딩스","KOSDAQ","일반서비스","2765","-35","-1.25","146068739810"
"444530","심플랫폼","KOSDAQ","IT 서비스","7870","-130","-1.63","50296249210"
"234030","싸이닉솔루션","KOSDAQ","전기·전자","9030","-580","-6.04","213153150000"
"160980","싸이맥스","KOSDAQ","기계·장비","14440","-330","-2.23","157746068920"
"356890","싸이버원","KOSDAQ","IT 서비스","4000","-145","-3.50","47815300000"
"217330","싸이토젠","KOSDAQ","일반서비스","4700","700","17.50","108708870900"
"208640","썸에이지","KOSDAQ","IT 서비스","277","-10","-3.48","38569550358"
"222420","쎄노텍","KOSDAQ","비금속","850","-6","-0.70","38641196350"
"037760","쎄니트","KOSDAQ","금속","1680","-4","-0.24","56839307280"
"081180","쎄크","KOSDAQ","기계·장비","13910","-440","-3.07","122763191850"
"099320","쎄트렉아이","KOSDAQ","운송장비·부품","56500","-2800","-4.72","618747207000"
"049960","쎌바이오텍","KOSDAQ","제약","13780","-60","-0.43","129532000000"
"088280","쏘닉스","KOSDAQ","전기·전자","1836","-25","-1.34","31774715640"
"050890","쏠리드","KOSDAQ","전기·전자","7790","-210","-2.63","473293399860"
"394800","쓰리빌리언","KOSDAQ","일반서비스","18600","140","0.76","590020625400"
"177900","쓰리에이로직스","KOSDAQ","전기·전자","6110","30","0.49","58563128000"
"475400","씨메스","KOSDAQ","기계·장비","36200","-2200","-5.73","422990266800"
"109670","씨싸이트","KOSDAQ","섬유·의류","6120","-30","-0.49","35720004240"
"066790","씨씨에스","KOSDAQ","오락·문화","1493","0","0.00","97271994227"
"222080","씨아이에스","KOSDAQ","기계·장비","7370","-340","-4.41","570230453430"
"352480","씨앤씨인터내셔널","KOSDAQ","화학","31700","100","0.32","432067861700"
"264660","씨앤지하이테크","KOSDAQ","기계·장비","14900","-660","-4.24","144845462800"
"352700","씨앤투스","KOSDAQ","화학","2530","-5","-0.20","66480554470"
"458870","씨어스테크놀로지","KOSDAQ","의료·정밀기기","117500","2100","1.82","1488240900000"
"297090","씨에스베어링","KOSDAQ","기계·장비","6660","-190","-2.77","181618200000"
"900120","씨엑스아이","KOSDAQ","금융","546","-8","-1.44","16411550064"
"359090","씨엔알리서치","KOSDAQ","일반서비스","983","-24","-2.38","56493714811"
"115530","씨엔플러스","KOSDAQ","전기·전자","338","2","0.60","22971494000"
"388210","씨엠티엑스","KOSDAQ","전기·전자","84200","4300","5.38","780760329600"
"115480","씨유메디칼","KOSDAQ","의료·정밀기기","560","1","0.18","33949752480"
"376290","씨유테크","KOSDAQ","전기·전자","3035","5","0.17","53590512500"
"189330","씨이랩","KOSDAQ","IT 서비스","4600","-95","-2.02","43158506400"
"096530","씨젠","KOSDAQ","제약","24250","-300","-1.22","1266480354500"
"101240","씨큐브","KOSDAQ","화학","4305","-5","-0.12","46758283950"
"060590","씨티씨바이오","KOSDAQ","제약","4940","-40","-0.80","119454238800"
"260930","씨티케이","KOSDAQ","화학","4535","-45","-0.98","87714115185"
"413630","씨피시스템","KOSDAQ","화학","4105","-330","-7.44","149572349730"
"013990","아가방컴퍼니","KOSDAQ","유통","4460","-105","-2.30","146678410560"
"123860","아나패스","KOSDAQ","전기·전자","17040","-210","-1.22","206582991600"
"025980","아난티","KOSDAQ","일반서비스","7560","-120","-1.56","715928492160"
"0015N0","아로마티카","KOSDAQ","화학","12620","-250","-1.94","160463931000"
"125210","아모그린텍","KOSDAQ","전기·전자","6220","-120","-1.89","102610033800"
"357580","아모센스","KOSDAQ","전기·전자","7050","-220","-3.03","79540088100"
"052710","아모텍","KOSDAQ","전기·전자","9440","-110","-1.15","137966628960"
"074430","아미노로직스","KOSDAQ","제약","919","-15","-1.61","80712869636"
"092040","아미코젠","KOSDAQ","음식료·담배","2925","250","9.35","163010288025"
"083930","아바코","KOSDAQ","기계·장비","14600","-150","-1.02","214287835400"
"149950","아바텍","KOSDAQ","전기·전자","10380","170","1.67","141870757140"
"036010","아비코전자","KOSDAQ","전기·전자","6710","-240","-3.45","89195587140"
"050860","아세아텍","KOSDAQ","기계·장비","1891","-11","-0.58","42547500000"
"136410","아셈스","KOSDAQ","화학","10480","-80","-0.76","115480230880"
"246720","아스타","KOSDAQ","제약","8340","-50","-0.60","124390266000"
"450950","아스테라시스","KOSDAQ","의료·정밀기기","12550","-460","-3.54","470714004600"
"067390","아스트","KOSDAQ","운송장비·부품","593","-22","-3.58","239072444347"
"159010","아스플로","KOSDAQ","기계·장비","4155","-150","-3.48","55405840545"
"127710","아시아경제","KOSDAQ","IT 서비스","961","-29","-2.93","33542822802"
"154030","아시아종묘","KOSDAQ","농업, 임업 및 어업","2040","-30","-1.45","24606208680"
"227610","아우딘퓨쳐스","KOSDAQ","화학","810","-13","-1.58","29257436520"
"331740","아우토크립트","KOSDAQ","IT 서비스","15470","670","4.53","150345055770"
"143160","아이디스","KOSDAQ","전기·전자","17830","-180","-1.00","191073233700"
"054800","아이디스홀딩스","KOSDAQ","일반서비스","12350","-210","-1.67","127794786600"
"332370","아이디피","KOSDAQ","전기·전자","5080","80","1.60","67430528080"
"066430","아이로보틱스","KOSDAQ","유통","1450","80","5.84","56772540200"
"339950","아이비김영","KOSDAQ","일반서비스","1942","-36","-1.82","87286404010"
"469750","아이비젼웍스","KOSDAQ","기계·장비","1403","-75","-5.07","48342442843"
"460470","아이빔테크놀로지","KOSDAQ","의료·정밀기기","3010","-50","-1.63","45441578700"
"099190","아이센스","KOSDAQ","의료·정밀기기","16450","-520","-3.06","454150382700"
"461300","아이스크림미디어","KOSDAQ","IT 서비스","17340","-440","-2.47","230603498220"
"289010","아이스크림에듀","KOSDAQ","오락·문화","1850","-13","-0.70","25798723600"
"214430","아이쓰리시스템","KOSDAQ","전기·전자","69800","-1400","-1.97","496051848000"
"040910","아이씨디","KOSDAQ","기계·장비","3935","-85","-2.11","73089772125"
"368600","아이씨에이치","KOSDAQ","전기·전자","1350","-12","-0.88","23676767100"
"456010","아이씨티케이","KOSDAQ","전기·전자","13950","-800","-5.42","187218430200"
"052860","아이앤씨","KOSDAQ","전기·전자","2255","-25","-1.10","40280735770"
"464500","아이언디바이스","KOSDAQ","전기·전자","2960","-95","-3.11","41331258480"
"212710","아이에스티이","KOSDAQ","전기·전자","8500","-500","-5.56","79989063000"
"038880","아이에이","KOSDAQ","전기·전자","164","-3","-1.80","61618272700"
"307180","아이엘","KOSDAQ","전기·전자","2805","-50","-1.75","80199797040"
"101390","아이엠","KOSDAQ","전기·전자","396","0","0.00","5140810224"
"461030","아이엠비디엑스","KOSDAQ","일반서비스","10390","-450","-4.15","145644422500"
"451220","아이엠티","KOSDAQ","기계·장비","8900","-210","-2.31","70084037900"
"090150","아이윈","KOSDAQ","운송장비·부품","741","-29","-3.77","31029592113"
"123010","아이윈플러스","KOSDAQ","전기·전자","1312","-242","-15.57","42848007104"
"031310","아이즈비전","KOSDAQ","통신","1501","0","0.00","39558919543"
"462980","아이지넷","KOSDAQ","IT 서비스","1899","-15","-0.78","34627195863"
"185490","아이진","KOSDAQ","일반서비스","2375","545","29.78","64195737000"
"059100","아이컴포넌트","KOSDAQ","전기·전자","5250","70","1.35","37122015000"
"262840","아이퀘스트","KOSDAQ","IT 서비스","1882","0","0.00","39774009210"
"175250","아이큐어","KOSDAQ","제약","2170","0","0.00","81501658560"
"052460","아이크래프트","KOSDAQ","IT 서비스","2695","-90","-3.23","39368387520"
"119830","아이텍","KOSDAQ","일반서비스","5300","-20","-0.38","117222972600"
"052770","아이톡시","KOSDAQ","IT 서비스","247","0","0.00","14393949453"
"124500","아이티센글로벌","KOSDAQ","IT 서비스","22850","-2500","-9.86","530223441950"
"010280","아이티센엔텍","KOSDAQ","IT 서비스","973","-28","-2.80","63365443778"
"232830","아이티센피엔에스","KOSDAQ","IT 서비스","2510","-70","-2.71","41499652260"
"372800","아이티아이즈","KOSDAQ","IT 서비스","4710","-95","-1.98","28481322900"
"084850","아이티엠반도체","KOSDAQ","전기·전자","10380","-140","-1.33","235448854920"
"309710","아이티켐","KOSDAQ","제약","43600","-1900","-4.18","548618843600"
"114840","아이패밀리에스씨","KOSDAQ","화학","15000","40","0.27","259798500000"
"027360","아주IB투자","KOSDAQ","금융","2700","-10","-0.37","327092596200"
"032080","아즈텍WB","KOSDAQ","섬유·의류","1269","2","0.16","27272115801"
"013310","아진산업","KOSDAQ","운송장비·부품","2915","-70","-2.35","113121186530"
"059120","아진엑스텍","KOSDAQ","전기·전자","8790","-610","-6.49","85690158840"
"0007C0","아크릴","KOSDAQ","IT 서비스","67000","47500","243.59","534681708000"
"203690","아크솔루션스","KOSDAQ","종이·목재","4425","0","0.00","76921522875"
"158430","아톤","KOSDAQ","IT 서비스","6250","-290","-4.43","153013075000"
"200350","아티스트스튜디오","KOSDAQ","오락·문화","5980","-80","-1.32","59776229500"
"321820","아티스트컴퍼니","KOSDAQ","IT 서비스","4130","-40","-0.96","64392382880"
"001540","안국약품","KOSDAQ","제약","8840","-110","-1.23","115294992800"
"053800","안랩","KOSDAQ","IT 서비스","62800","0","0.00","698744576800"
"065660","안트로젠","KOSDAQ","유통","38900","2000","5.42","389237290000"
"297570","알로이스","KOSDAQ","전기·전자","1202","2","0.17","41614704036"
"260660","알리코제약","KOSDAQ","제약","3885","-10","-0.26","59545476585"
"354320","알멕","KOSDAQ","금속","19940","-460","-2.25","127444137140"
"361570","알비더블유","KOSDAQ","오락·문화","2645","110","4.34","76026004695"
"131370","알서포트","KOSDAQ","IT 서비스","2550","-40","-1.54","135831061650"
"140670","알에스오토메이션","KOSDAQ","전기·전자","14420","-1280","-8.15","134151278800"
"096610","알에프세미","KOSDAQ","전기·전자","2965","0","0.00","51550708615"
"061040","알에프텍","KOSDAQ","전기·전자","2025","-60","-2.88","64980749475"
"148250","알엔투테크놀로지","KOSDAQ","전기·전자","4370","-870","-16.60","41281956640"
"347860","알체라","KOSDAQ","IT 서비스","2375","-30","-1.25","91938532375"
"196170","알테오젠","KOSDAQ","일반서비스","423500","-12500","-2.87","22659701218000"
"123750","알톤","KOSDAQ","운송장비·부품","1303","-7","-0.53","16608424991"
"459550","알트","KOSDAQ","전기·전자","3640","-295","-7.50","91246679160"
"085810","알티캐스트","KOSDAQ","IT 서비스","513","-10","-1.91","31193114796"
"043100","알파AI","KOSDAQ","의료·정밀기기","1789","-21","-1.16","35976933120"
"117670","알파칩스","KOSDAQ","전기·전자","8670","-30","-0.34","57757303140"
"314140","알피바이오","KOSDAQ","제약","7650","370","5.08","66297661650"
"291650","압타머사이언스","KOSDAQ","일반서비스","764","0","0.00","30756418288"
"293780","압타바이오","KOSDAQ","일반서비스","9480","310","3.38","254835292800"
"310200","애니플러스","KOSDAQ","오락·문화","3460","-25","-0.72","180483412560"
"179530","애드바이오텍","KOSDAQ","제약","2640","-160","-5.71","43191400560"
"397810","애드포러스","KOSDAQ","일반서비스","7270","-180","-2.42","37518797900"
"900100","애머릿지","KOSDAQ","유통","584","-58","-9.03","26885778528"
"052790","액토즈소프트","KOSDAQ","IT 서비스","6110","-110","-1.77","69230198180"
"290740","액트로","KOSDAQ","전기·전자","11650","1700","17.09","117257378150"
"238090","앤디포스","KOSDAQ","화학","1820","-8","-0.44","42845171460"
"092600","앤씨앤","KOSDAQ","전기·전자","543","-5","-0.91","13620349731"
"129890","앱코","KOSDAQ","전기·전자","1310","-7","-0.53","59664738620"
"174900","앱클론","KOSDAQ","제약","37300","-1550","-3.99","712166997700"
"109960","앱토크롬","KOSDAQ","유통","278","-2","-0.71","61379416782"
"270520","앱튼","KOSDAQ","일반서비스","368","15","4.25","72344806096"
"255440","야스","KOSDAQ","기계·장비","9170","160","1.78","119741860000"
"030960","양지사","KOSDAQ","출판·매체복제","8770","80","0.92","140144600000"
"102120","어보브반도체","KOSDAQ","전기·전자","10450","-410","-3.78","185808868850"
"238120","얼라인드","KOSDAQ","의료·정밀기기","3775","-45","-1.18","54280332400"
"019990","에너토크","KOSDAQ","기계·장비","7430","-140","-1.85","72487733840"
"435570","에르코스","KOSDAQ","음식료·담배","10360","860","9.05","78911943880"
"270660","에브리봇","KOSDAQ","전기·전자","20000","-1200","-5.66","247421800000"
"038680","에스넷","KOSDAQ","IT 서비스","3500","-110","-3.05","69694247000"
"217480","에스디생명공학","KOSDAQ","화학","499","0","0.00","54756837359"
"121890","에스디시스템","KOSDAQ","전기·전자","1774","-18","-1.00","23579025204"
"304360","에스바이오메딕스","KOSDAQ","제약","31800","400","1.27","379982365800"
"389500","에스비비테크","KOSDAQ","기계·장비","39600","-2450","-5.83","250822598400"
"042110","에스씨디","KOSDAQ","전기·전자","1316","-10","-0.75","63601706224"
"298060","에스씨엠생명과학","KOSDAQ","제약","1065","-20","-1.84","47076382440"
"065420","에스아이리소스","KOSDAQ","화학","233","8","3.56","16677510667"
"103230","에스앤더블류","KOSDAQ","기계·장비","4210","-35","-0.82","30312000000"
"260970","에스앤디","KOSDAQ","음식료·담배","71100","2300","3.34","205674809400"
"101490","에스앤에스텍","KOSDAQ","전기·전자","45100","-1200","-2.59","962203042900"
"095910","에스에너지","KOSDAQ","전기·전자","1134","-11","-0.96","25971799014"
"275630","에스에스알","KOSDAQ","IT 서비스","2940","-20","-0.68","17692887660"
"031330","에스에이엠티","KOSDAQ","유통","3715","-175","-4.50","371481673905"
"060540","에스에이티","KOSDAQ","의료·정밀기기","1263","-32","-2.47","33006365478"
"056190","에스에프에이","KOSDAQ","기계·장비","23700","-400","-1.66","851037612000"
"0008Z0","에스엔시스","KOSDAQ","전기·전자","29350","-1250","-4.08","276963153400"
"246250","에스엘에스바이오","KOSDAQ","일반서비스","1969","0","0.00","30220617614"
"041510","에스엠","KOSDAQ","오락·문화","111700","2700","2.48","2557336873000"
"460870","에스엠씨지","KOSDAQ","비금속","3920","-65","-1.63","78197351680"
"007820","에스엠코어","KOSDAQ","기계·장비","4240","-180","-4.07","84943931040"
"464080","에스오에스랩","KOSDAQ","의료·정밀기기","11120","130","1.18","197903029200"
"109610","에스와이","KOSDAQ","금속","3005","-95","-3.06","146966737000"
"365330","에스와이스틸텍","KOSDAQ","금속","3420","-65","-1.87","171584820000"
"306040","에스제이그룹","KOSDAQ","섬유·의류","6400","1470","29.82","63141299200"
"398120","에스지헬스케어","KOSDAQ","의료·정밀기기","3150","-125","-3.82","35625555000"
"457940","에스케이증권제10호스팩","KOSDAQ","금융","2090","0","0.00","6917900000"
"472230","에스케이증권제11호스팩","KOSDAQ","금융","2035","-15","-0.73","8455425000"
"473000","에스케이증권제12호스팩","KOSDAQ","금융","2045","-5","-0.24","6768950000"
"473950","에스케이증권제13호스팩","KOSDAQ","금융","2040","10","0.49","9016800000"
"455910","에스케이증권제9호스팩","KOSDAQ","금융","2095","-5","-0.24","10516900000"
"475660","에스켐","KOSDAQ","화학","5860","-140","-2.33","46468833100"
"096630","에스코넥","KOSDAQ","전기·전자","607","1","0.17","48184640912"
"069510","에스텍","KOSDAQ","전기·전자","15950","-210","-1.30","174014500000"
"488280","에스투더블유","KOSDAQ","IT 서비스","29250","350","1.21","311637192750"
"234300","에스트래픽","KOSDAQ","IT 서비스","3500","-40","-1.13","95227230000"
"039440","에스티아이","KOSDAQ","기계·장비","30000","-1050","-3.38","474900000000"
"098660","에스티오","KOSDAQ","섬유·의류","1820","7","0.39","22751776320"
"052020","에스티큐브","KOSDAQ","유통","7260","-240","-3.20","493558692660"
"237690","에스티팜","KOSDAQ","제약","131100","-1000","-0.76","2713990772400"
"050760","에스폴리텍","KOSDAQ","화학","1429","-10","-0.69","23342254862"
"288620","에스퓨얼셀","KOSDAQ","전기·전자","10520","-320","-2.95","73422404320"
"443670","에스피소프트","KOSDAQ","유통","5900","-60","-1.01","145974212800"
"317830","에스피시스템스","KOSDAQ","기계·장비","12010","-910","-7.04","129393554180"
"058610","에스피지","KOSDAQ","전기·전자","81900","3100","3.93","1816325784000"
"043340","에쎈테크","KOSDAQ","기계·장비","413","2","0.49","39235000000"
"163280","에어레인","KOSDAQ","기계·장비","14040","-40","-0.28","114774037560"
"054630","에이디칩스","KOSDAQ","기타제조","1580","0","0.00","12594094680"
"200710","에이디테크놀로지","KOSDAQ","전기·전자","26350","-1850","-6.56","354165659700"
"475580","에이럭스","KOSDAQ","기타제조","9160","-280","-2.97","124804084000"
"096690","에이루트","KOSDAQ","전기·전자","1957","50","2.62","47236212721"
"298380","에이비엘바이오","KOSDAQ","제약","190400","-5400","-2.76","10495831416000"
"203400","에이비온","KOSDAQ","일반서비스","2905","-35","-1.19","145413493400"
"195990","에이비프로바이오","KOSDAQ","기계·장비","280","-11","-3.78","79713121880"
"003800","에이스침대","KOSDAQ","기타제조","31550","-1000","-3.07","349889500000"
"088800","에이스테크","KOSDAQ","전기·전자","3005","-75","-2.44","226896834170"
"241840","에이스토리","KOSDAQ","오락·문화","7000","-270","-3.71","66779958000"
"364950","에이아이코리아","KOSDAQ","기계·장비","8220","-470","-5.41","68196777900"
"453860","에이에스텍","KOSDAQ","화학","15890","60","0.38","89893146350"
"312610","에이에프더블류","KOSDAQ","전기·전자","1418","-2","-0.14","28724267184"
"172670","에이엘티","KOSDAQ","전기·전자","9680","-540","-5.28","86735307120"
"481070","에이유브랜즈","KOSDAQ","유통","20700","-1100","-5.05","293112000000"
"060900","에이전트AI","KOSDAQ","전기·가스·수도","1207","-26","-2.11","48172255938"
"445090","에이직랜드","KOSDAQ","전기·전자","26600","-600","-2.21","289186156000"
"295310","에이치브이엠","KOSDAQ","금속","34500","-1650","-4.56","410616619500"
"072990","에이치시티","KOSDAQ","일반서비스","5870","-30","-0.51","84564429220"
"044990","에이치엔에스하이텍","KOSDAQ","전기·전자","17390","-1640","-8.62","133649540750"
"239610","에이치엘사이언스","KOSDAQ","음식료·담배","8190","-90","-1.09","44161421850"
"036170","에이치엠넥스","KOSDAQ","전기·전자","863","0","0.00","52958535238"
"462020","에이치엠씨제6호스팩","KOSDAQ","금융","2070","-10","-0.48","8994150000"
"477340","에이치엠씨제7호스팩","KOSDAQ","금융","2010","0","0.00","15095100000"
"148930","에이치와이티씨","KOSDAQ","금속","3140","0","0.00","31950168820"
"376270","에이치이엠파마","KOSDAQ","일반서비스","48200","700","1.47","341672303400"
"044780","에이치케이","KOSDAQ","기계·장비","1393","5","0.36","25778561291"
"357230","에이치피오","KOSDAQ","음식료·담배","2430","45","1.89","100343146680"
"355690","에이텀","KOSDAQ","전기·전자","4765","-385","-7.48","25754729700"
"071670","에이테크솔루션","KOSDAQ","기계·장비","5700","0","0.00","57000000000"
"045660","에이텍","KOSDAQ","전기·전자","10110","-380","-3.62","83508600000"
"224110","에이텍모빌리티","KOSDAQ","전기·전자","9940","-120","-1.19","53079600000"
"021080","에이티넘인베스트","KOSDAQ","금융","3015","-105","-3.37","144720000000"
"200470","에이팩트","KOSDAQ","전기·전자","5200","-250","-4.59","220282883600"
"262260","에이프로","KOSDAQ","전기·전자","5600","-230","-3.95","81021651200"
"397030","에이프릴바이오","KOSDAQ","일반서비스","44100","-1300","-2.86","1023487176600"
"0009K0","에임드바이오","KOSDAQ","일반서비스","72400","1900","2.70","4644906056400"
"230240","에치에프알","KOSDAQ","전기·전자","12240","-320","-2.55","162902160000"
"159910","에코글로우","KOSDAQ","화학","677","-16","-2.31","27981330043"
"230360","에코마케팅","KOSDAQ","일반서비스","11140","-40","-0.36","345326164120"
"038870","에코바이오","KOSDAQ","일반서비스","3245","-55","-1.67","45478509505"
"097780","에코볼트","KOSDAQ","운송장비·부품","887","0","0.00","60076809806"
"448280","에코아이","KOSDAQ","일반서비스","11230","-40","-0.35","332757578670"
"101360","에코앤드림","KOSDAQ","화학","19750","-850","-4.13","351275751500"
"128540","에코캡","KOSDAQ","운송장비·부품","1724","-46","-2.60","46014353040"
"086520","에코프로","KOSDAQ","금융","101300","-8900","-8.08","13754124197600"
"247540","에코프로비엠","KOSDAQ","전기·전자","165500","-14200","-7.90","16186122432000"
"383310","에코프로에이치엔","KOSDAQ","화학","26500","-1600","-5.69","555835698000"
"038110","에코플라스틱","KOSDAQ","운송장비·부품","3065","-45","-1.45","126184119050"
"073540","에프알텍","KOSDAQ","전기·전자","2015","5","0.25","22971000000"
"064850","에프앤가이드","KOSDAQ","IT 서비스","8980","360","4.18","102464781360"
"036810","에프에스티","KOSDAQ","전기·전자","26250","-750","-2.78","576354135000"
"173940","에프엔씨엔터","KOSDAQ","오락·문화","3845","95","2.53","59185346760"
"083500","에프엔에스테크","KOSDAQ","기계·장비","14460","-110","-0.75","124004940120"
"054940","엑사이엔씨","KOSDAQ","건설","673","-8","-1.17","22325797804"
"950130","엑세스바이오","KOSDAQ","제약","3390","-40","-1.17","127897350480"
"373110","엑셀세라퓨틱스","KOSDAQ","제약","1824","39","2.18","31544974656"
"205100","엑셈","KOSDAQ","IT 서비스","1988","-47","-2.31","142067068304"
"356680","엑스게이트","KOSDAQ","IT 서비스","7700","-190","-2.41","219784888400"
"070300","엑스큐어","KOSDAQ","IT 서비스","1347","2","0.15","31394634066"
"317770","엑스페릭스","KOSDAQ","전기·전자","2910","-40","-1.36","96830776710"
"373200","엑스플러스","KOSDAQ","기타제조","489","-6","-1.21","53792609304"
"069920","엑시온그룹","KOSDAQ","유통","822","-43","-4.97","36842609646"
"092870","엑시콘","KOSDAQ","기계·장비","14690","-790","-5.10","191716207930"
"317870","엔바이오니아","KOSDAQ","기타제조","11880","-430","-3.49","101532645720"
"067570","엔브이에이치코리아","KOSDAQ","운송장비·부품","2395","-15","-0.62","100997150000"
"236810","엔비티","KOSDAQ","일반서비스","2310","-20","-0.86","39213234060"
"333620","엔시스","KOSDAQ","전기·전자","6380","-120","-1.85","67349474720"
"101400","엔시트론","KOSDAQ","전기·전자","315","-7","-2.17","21561979950"
"475230","엔알비","KOSDAQ","금속","14670","880","6.38","152966129130"
"078860","엔에스이엔엠","KOSDAQ","오락·문화","1162","-3","-0.26","68978942634"
"451700","엔에이치스팩29호","KOSDAQ","금융","2105","0","0.00","30206750000"
"466910","엔에이치스팩30호","KOSDAQ","금융","2135","0","0.00","19428500000"
"481890","엔에이치스팩31호","KOSDAQ","금융","2105","0","0.00","13356225000"
"0054V0","엔에이치스팩32호","KOSDAQ","금융","1999","-6","-0.30","12426783500"
"265740","엔에프씨","KOSDAQ","화학","4705","-145","-2.99","84048238000"
"354200","엔젠바이오","KOSDAQ","일반서비스","1591","-58","-3.52","39835661648"
"455900","엔젤로보틱스","KOSDAQ","기계·장비","31100","-1500","-4.60","472195374100"
"419080","엔젯","KOSDAQ","기계·장비","6330","-280","-4.24","67431192210"
"183490","엔지켐생명과학","KOSDAQ","제약","1377","-3","-0.22","117135278874"
"182400","엔케이맥스","KOSDAQ","제약","3685","0","0.00","263029901475"
"348370","엔켐","KOSDAQ","화학","66400","-1700","-2.50","1445358348000"
"069410","엔텔스","KOSDAQ","IT 서비스","5030","-70","-1.37","51531464720"
"227950","엔투텍","KOSDAQ","기계·장비","339","-5","-1.45","58491414933"
"291230","엔피","KOSDAQ","일반서비스","938","-29","-3.00","41361836950"
"048830","엔피케이","KOSDAQ","화학","956","4","0.42","17900070388"
"096870","엘디티","KOSDAQ","전기·전자","2410","-45","-1.83","16094944000"
"290650","엘앤씨바이오","KOSDAQ","제약","72700","4300","6.29","1789790395000"
"156100","엘앤케이바이오","KOSDAQ","의료·정밀기기","14750","-410","-2.70","310223121000"
"0041J0","엘에스스팩1호","KOSDAQ","금융","2005","6","0.30","8240550000"
"073110","엘엠에스","KOSDAQ","전기·전자","4995","-75","-1.48","44434296225"
"083310","엘오티베큠","KOSDAQ","기계·장비","11390","-450","-3.80","202856275870"
"037950","엘컴텍","KOSDAQ","전기·전자","743","-7","-0.93","62744506617"
"489500","엘케이켐","KOSDAQ","화학","21800","-1250","-5.42","136861620800"
"170920","엘티씨","KOSDAQ","화학","15910","-390","-2.39","162442213700"
"058630","엠게임","KOSDAQ","IT 서비스","6880","130","1.93","134461873760"
"226590","엠디바이스","KOSDAQ","전기·전자","12790","-300","-2.29","135967727360"
"058970","엠로","KOSDAQ","IT 서비스","36600","-1150","-3.05","452359090800"
"169330","엠브레인","KOSDAQ","일반서비스","1987","-5","-0.25","36395716066"
"373170","엠아이큐브솔루션","KOSDAQ","IT 서비스","6750","0","0.00","34006027500"
"179290","엠아이텍","KOSDAQ","의료·정밀기기","6300","20","0.32","203903771400"
"009780","엠에스씨","KOSDAQ","음식료·담배","7970","-50","-0.62","140272000000"
"123040","엠에스오토텍","KOSDAQ","운송장비·부품","2180","5","0.23","136529691820"
"432980","엠에프씨","KOSDAQ","제약","3535","35","1.00","30371807970"
"413390","엠오티","KOSDAQ","기계·장비","6910","-210","-2.95","80019043800"
"032790","엠젠솔루션","KOSDAQ","유통","1185","170","16.75","59084168730"
"033160","엠케이전자","KOSDAQ","전기·전자","8150","-330","-3.89","184161312000"
"347890","엠투아이","KOSDAQ","의료·정밀기기","6500","-30","-0.46","109935826000"
"033310","엠투엔","KOSDAQ","전기·전자","1875","-39","-2.04","75641683125"
"259630","엠플러스","KOSDAQ","기계·장비","13120","-540","-3.95","159508446720"
"105550","엣지파운드리","KOSDAQ","전기·전자","1656","-54","-3.16","129676476456"
"060850","영림원소프트랩","KOSDAQ","IT 서비스","6390","-110","-1.69","51957090000"
"143540","영우디에스피","KOSDAQ","기계·장비","750","-12","-1.57","33449921250"
"265560","영화테크","KOSDAQ","운송장비·부품","7060","-80","-1.12","75472670800"
"036000","예림당","KOSDAQ","오락·문화","3410","-285","-7.71","78546884570"
"250930","예선테크","KOSDAQ","화학","514","2","0.39","16962226160"
"053280","예스24","KOSDAQ","유통","3825","-10","-0.26","95625000000"
"122640","예스티","KOSDAQ","기계·장비","17100","-870","-4.84","365081939100"
"476040","오가노이드사이언스","KOSDAQ","일반서비스","43350","-1050","-2.36","285250152750"
"900300","오가닉티코스메틱","KOSDAQ","금융","307","-1","-0.32","77058496932"
"045060","오공","KOSDAQ","화학","2310","-5","-0.22","39135959940"
"192410","오늘이엔엠","KOSDAQ","전기·전자","738","-17","-2.25","34436240874"
"080520","오디텍","KOSDAQ","전기·전자","3070","-140","-4.36","36062089630"
"039830","오로라","KOSDAQ","일반서비스","15900","-210","-1.30","171129951000"
"322310","오로스테크놀로지","KOSDAQ","기계·장비","21650","-1450","-6.28","202785634300"
"046120","오르비텍","KOSDAQ","일반서비스","4040","-255","-5.94","111922883360"
"475830","오름테라퓨틱","KOSDAQ","제약","87700","-3500","-3.84","1862078673600"
"014940","오리엔탈정공","KOSDAQ","기계·장비","8080","-190","-2.30","368235180880"
"065500","오리엔트정공","KOSDAQ","운송장비·부품","2500","-90","-3.47","79357280000"
"010470","오리콤","KOSDAQ","일반서비스","5790","-20","-0.34","69335539500"
"417860","오브젠","KOSDAQ","IT 서비스","12350","-290","-2.29","55774329000"
"352910","오비고","KOSDAQ","IT 서비스","4315","75","1.77","54532115630"
"053980","오상자이엘","KOSDAQ","IT 서비스","3770","-40","-1.05","71565091910"
"036220","오상헬스케어","KOSDAQ","의료·정밀기기","11880","-290","-2.38","172371862080"
"052420","오성첨단소재","KOSDAQ","화학","1563","-50","-3.10","147587340966"
"052300","오션인더블유","KOSDAQ","유통","2265","-25","-1.09","38199548895"
"039200","오스코텍","KOSDAQ","제약","54300","-7000","-11.42","2077418956800"
"226400","오스테오닉","KOSDAQ","의료·정밀기기","6000","-270","-4.31","123969606000"
"031510","오스템","KOSDAQ","운송장비·부품","1080","-13","-1.19","30240000000"
"342870","오아","KOSDAQ","유통","8100","-340","-4.03","47446713900"
"368970","오에스피","KOSDAQ","음식료·담배","2070","20","0.98","19346551200"
"138080","오이솔루션","KOSDAQ","전기·전자","13900","-1120","-7.46","159538862400"
"080580","오킨스전자","KOSDAQ","전기·전자","10100","-290","-2.79","203829877600"
"067170","오텍","KOSDAQ","운송장비·부품","1866","-55","-2.86","44581734930"
"353590","오토앤","KOSDAQ","유통","3395","-40","-1.16","43712560150"
"173130","오파스넷","KOSDAQ","IT 서비스","6950","-220","-3.07","90672987350"
"440320","오픈놀","KOSDAQ","IT 서비스","3990","-100","-2.44","39221700000"
"049480","오픈베이스","KOSDAQ","IT 서비스","2385","-30","-1.24","74942383455"
"394280","오픈엣지테크놀로지","KOSDAQ","IT 서비스","11580","-450","-3.74","255363074820"
"476060","온코닉테라퓨틱스","KOSDAQ","일반서비스","18740","-1810","-8.81","833740088840"
"382150","온코크로스","KOSDAQ","일반서비스","11150","-500","-4.29","134115957550"
"244460","올리패스","KOSDAQ","제약","1651","0","0.00","10961822755"
"226950","올릭스","KOSDAQ","일반서비스","140700","-600","-0.42","2830149968100"
"057540","옴니시스템","KOSDAQ","의료·정밀기기","785","-23","-2.85","46667743675"
"131030","옵투스제약","KOSDAQ","제약","6930","-40","-0.57","122290868700"
"082210","옵트론텍","KOSDAQ","의료·정밀기기","1625","5","0.31","53937607750"
"109080","옵티시스","KOSDAQ","전기·전자","8270","-110","-1.31","46609720000"
"380540","옵티코어","KOSDAQ","전기·전자","1917","-81","-4.05","93038414697"
"153710","옵티팜","KOSDAQ","제약","5210","-60","-1.14","76430481180"
"432430","와이랩","KOSDAQ","오락·문화","4155","-145","-3.37","68592069600"
"338840","와이바이오로직스","KOSDAQ","일반서비스","26300","850","3.34","393163460300"
"122990","와이솔","KOSDAQ","전기·전자","5890","-40","-0.67","156904187090"
"232140","와이씨","KOSDAQ","기계·장비","13280","-770","-5.48","1089562248000"
"112290","와이씨켐","KOSDAQ","화학","20000","-950","-4.53","202210900000"
"065530","와이어블","KOSDAQ","통신","1392","1","0.07","66591552528"
"067900","와이엔텍","KOSDAQ","일반서비스","6670","-230","-3.33","121391725530"
"007530","와이엠","KOSDAQ","금속","2630","-50","-1.87","58528627530"
"155650","와이엠씨","KOSDAQ","전기·전자","3690","40","1.10","71860381020"
"273640","와이엠텍","KOSDAQ","전기·전자","8150","80","0.99","89372900000"
"251370","와이엠티","KOSDAQ","화학","11000","-20","-0.18","193864110000"
"209640","와이제이링크","KOSDAQ","기계·장비","3850","-285","-6.89","109506112100"
"096250","와이즈넛","KOSDAQ","IT 서비스","11940","-760","-5.98","156372639840"
"273060","와이즈버즈","KOSDAQ","일반서비스","949","-45","-4.53","47886143318"
"019210","와이지-원","KOSDAQ","금속","5610","-140","-2.43","188349124590"
"122870","와이지엔터테인먼트","KOSDAQ","오락·문화","63600","600","0.95","1188750716400"
"079000","와토스코리아","KOSDAQ","화학","6000","50","0.84","43200000000"
"403490","우듬지팜","KOSDAQ","음식료·담배","1576","-31","-1.93","71789107264"
"032820","우리기술","KOSDAQ","전기·전자","3750","-135","-3.47","624992197500"
"041190","우리기술투자","KOSDAQ","금융","7390","-290","-3.78","620760000000"
"115440","우리넷","KOSDAQ","전기·전자","7330","-100","-1.35","79122160360"
"046970","우리로","KOSDAQ","유통","1250","-26","-2.04","54781248750"
"082850","우리바이오","KOSDAQ","음식료·담배","2115","-80","-3.64","102485662470"
"215360","우리산업","KOSDAQ","운송장비·부품","8080","-70","-0.86","73787877040"
"072470","우리산업홀딩스","KOSDAQ","운송장비·부품","3415","-110","-3.12","64500269515"
"073560","우리손에프앤지","KOSDAQ","음식료·담배","1575","-9","-0.57","109049287725"
"037400","우리엔터프라이즈","KOSDAQ","유통","993","-9","-0.90","26039782578"
"153490","우리이앤엘","KOSDAQ","전기·전자","693","-5","-0.72","35675640000"
"101170","우림피티에스","KOSDAQ","기계·장비","11000","-750","-6.38","148500000000"
"066590","우수AMS","KOSDAQ","운송장비·부품","2415","-75","-3.01","93407217855"
"103840","우양","KOSDAQ","음식료·담배","3280","-60","-1.80","53681883840"
"101970","우양에이치씨","KOSDAQ","금속","11920","-230","-1.89","176296907280"
"046940","우원개발","KOSDAQ","건설","3315","-100","-2.93","59916470250"
"215380","우정바이오","KOSDAQ","일반서비스","1985","-40","-1.98","33406708360"
"065680","우주일렉트로","KOSDAQ","전기·전자","33600","-1500","-4.27","310479825600"
"018620","우진비앤지","KOSDAQ","제약","853","-4","-0.47","24642566929"
"457550","우진엔텍","KOSDAQ","일반서비스","21300","-1000","-4.48","198493805400"
"396470","워트","KOSDAQ","기계·장비","6800","-140","-2.02","109616000000"
"307280","원바이오젠","KOSDAQ","제약","6400","20","0.31","45405612800"
"032940","원익","KOSDAQ","유통","7090","-410","-5.47","128990000700"
"240810","원익IPS","KOSDAQ","기계·장비","60100","-300","-0.50","2949942450100"
"074600","원익QnC","KOSDAQ","비금속","19540","-450","-2.25","513667520000"
"104830","원익머트리얼즈","KOSDAQ","화학","29550","-550","-1.83","372566400000"
"014190","원익큐브","KOSDAQ","유통","1524","-39","-2.50","53949456744"
"217820","원익피앤이","KOSDAQ","기계·장비","3820","-195","-4.86","181276415380"
"030530","원익홀딩스","KOSDAQ","화학","34550","-2950","-7.87","2668572243550"
"012620","원일특강","KOSDAQ","금속","8390","130","1.57","36916000000"
"136150","원일티엔아이","KOSDAQ","기계·장비","19810","270","1.38","166028204300"
"382840","원준","KOSDAQ","기계·장비","8050","-180","-2.19","122936227050"
"336570","원텍","KOSDAQ","의료·정밀기기","7700","-40","-0.52","692760506900"
"376980","원티드랩","KOSDAQ","IT 서비스","3700","35","0.95","36135657800"
"008370","원풍","KOSDAQ","화학","5090","-40","-0.78","61080000000"
"008290","원풍물산","KOSDAQ","섬유·의류","476","7","1.49","19370191204"
"101160","월덱스","KOSDAQ","전기·전자","21350","-400","-1.84","352509700550"
"336060","웨이버스","KOSDAQ","IT 서비스","1023","1","0.10","49262769600"
"095270","웨이브일렉트로","KOSDAQ","의료·정밀기기","4515","-35","-0.77","64891413090"
"289930","웨이비스","KOSDAQ","전기·전자","8180","-150","-1.80","102410270740"
"065950","웰크론","KOSDAQ","섬유·의류","1699","2","0.12","47964982098"
"076080","웰크론한텍","KOSDAQ","건설","1160","-28","-2.36","26209220960"
"043590","웰킵스하이텍","KOSDAQ","전기·전자","624","0","0.00","16933339488"
"196700","웹스","KOSDAQ","화학","1627","-48","-2.87","23370462288"
"069080","웹젠","KOSDAQ","IT 서비스","13480","-330","-2.39","466419916320"
"053580","웹케시","KOSDAQ","IT 서비스","10280","-210","-2.00","140180629440"
"479960","위너스","KOSDAQ","전기·전자","10880","40","0.37","74538880000"
"377460","위니아에이드","KOSDAQ","일반서비스","4080","0","0.00","253187202960"
"044340","위닉스","KOSDAQ","전기·전자","5810","60","1.04","103844599250"
"330350","위더스제약","KOSDAQ","제약","8740","2010","29.87","115386694860"
"348350","위드텍","KOSDAQ","의료·정밀기기","8460","-230","-2.65","86153256000"
"112040","위메이드","KOSDAQ","IT 서비스","25950","-1150","-4.24","880963133850"
"101730","위메이드맥스","KOSDAQ","IT 서비스","6280","-200","-3.09","526284636080"
"123420","위메이드플레이","KOSDAQ","IT 서비스","7660","-440","-5.43","80830878440"
"065370","위세아이텍","KOSDAQ","IT 서비스","5550","-120","-2.12","40980944700"
"038620","위즈코프","KOSDAQ","유통","592","-19","-3.11","44831843280"
"299900","위지윅스튜디오","KOSDAQ","오락·문화","651","-46","-6.60","111352823484"
"036090","위지트","KOSDAQ","기계·장비","627","-13","-2.03","74231962068"
"459100","위츠","KOSDAQ","전기·전자","7120","-220","-3.00","94745840000"
"136540","윈스테크넷","KOSDAQ","IT 서비스","11990","-130","-1.07","147234154540"
"097800","윈팩","KOSDAQ","전기·전자","497","-11","-2.17","67815763813"
"192390","윈하이텍","KOSDAQ","금속","2280","-25","-1.08","25153482120"
"335870","윙스풋","KOSDAQ","유통","1638","-36","-2.15","27437274774"
"900340","윙입푸드","KOSDAQ","금융","830","-10","-1.19","41774670240"
"036200","유니셈","KOSDAQ","기계·장비","8650","-360","-4.00","265245528950"
"018000","유니슨","KOSDAQ","기계·장비","1256","-78","-5.85","278473340408"
"203450","유니온바이오메트릭스","KOSDAQ","전기·전자","3080","-5","-0.16","43363341560"
"011320","유니크","KOSDAQ","운송장비·부품","4775","-30","-0.62","92256318625"
"086390","유니테스트","KOSDAQ","기계·장비","13580","-400","-2.86","287001431080"
"241690","유니테크노","KOSDAQ","운송장비·부품","3585","-110","-2.98","87727481010"
"142210","유니트론텍","KOSDAQ","유통","6200","-160","-2.52","130262440200"
"389680","유디엠텍","KOSDAQ","IT 서비스","573","8","1.42","23832482445"
"088340","유라클","KOSDAQ","IT 서비스","14230","-390","-2.67","62015307640"
"048430","유라테크","KOSDAQ","전기·전자","7910","-150","-1.86","91123200000"
"206650","유바이오로직스","KOSDAQ","제약","12180","-130","-1.06","446364199260"
"089850","유비벨록스","KOSDAQ","IT 서비스","5470","-80","-1.44","80574188530"
"084440","유비온","KOSDAQ","IT 서비스","914","3","0.33","18017499200"
"032620","유비케어","KOSDAQ","IT 서비스","3900","-170","-4.18","203568842100"
"264450","유비쿼스","KOSDAQ","전기·전자","9770","-130","-1.31","143281866610"
"078070","유비쿼스홀딩스","KOSDAQ","금융","10500","250","2.44","184850106000"
"024800","유성티엔에스","KOSDAQ","운송·창고","2645","-15","-0.56","98002042740"
"054930","유신","KOSDAQ","일반서비스","22650","-350","-1.52","67950000000"
"069330","유아이디","KOSDAQ","전기·전자","1143","2","0.18","16220417013"
"049520","유아이엘","KOSDAQ","전기·전자","3190","-30","-0.93","102869218760"
"444920","유안타제11호스팩","KOSDAQ","금융","2090","10","0.48","10951600000"
"446150","유안타제12호스팩","KOSDAQ","금융","2110","5","0.24","10064700000"
"450940","유안타제14호스팩","KOSDAQ","금융","2095","-5","-0.24","9511300000"
"473050","유안타제15호스팩","KOSDAQ","금융","2040","0","0.00","14300400000"
"474490","유안타제16호스팩","KOSDAQ","금융","2025","-5","-0.25","11157750000"
"493790","유안타제17호스팩","KOSDAQ","금융","1996","-3","-0.15","10598760000"
"263770","유에스티","KOSDAQ","금속","1930","-10","-0.52","45741331960"
"388720","유일로보틱스","KOSDAQ","기계·장비","90300","-10000","-9.97","1056220588500"
"340930","유일에너테크","KOSDAQ","기계·장비","1897","-153","-7.46","64885841650"
"023410","유진기업","KOSDAQ","비금속","3635","-40","-1.09","281024987005"
"056080","유진로봇","KOSDAQ","기계·장비","15150","-560","-3.56","568309102800"
"468760","유진스팩10호","KOSDAQ","금융","2100","5","0.24","8904000000"
"488060","유진스팩11호","KOSDAQ","금융","2030","0","0.00","9581600000"
"0105P0","유진스팩12호","KOSDAQ","금융","1984","-1","-0.05","11229440000"
"084370","유진테크","KOSDAQ","기계·장비","71800","-1000","-1.37","1645371815600"
"240600","유진테크놀로지","KOSDAQ","금속","4100","-160","-3.76","28405419100"
"221800","유투바이오","KOSDAQ","일반서비스","4765","-195","-3.93","64538093940"
"179900","유티아이","KOSDAQ","전기·전자","23950","-1650","-6.45","468927013200"
"263050","유틸렉스","KOSDAQ","제약","1014","-32","-3.06","37350543984"
"191410","육일씨엔에쓰","KOSDAQ","전기·전자","2520","-80","-3.08","28234722600"
"372170","윤성에프앤씨","KOSDAQ","기계·장비","33000","-2000","-5.71","263308584000"
"146060","율촌","KOSDAQ","금속","1160","-15","-1.28","27858090200"
"072770","율호","KOSDAQ","IT 서비스","946","25","2.71","75847652958"
"039020","이건홀딩스","KOSDAQ","종이·목재","4110","-90","-2.14","92823153990"
"067920","이글루","KOSDAQ","IT 서비스","5370","-120","-2.19","59049159030"
"044960","이글벳","KOSDAQ","유통","4400","-55","-1.23","55624285200"
"303530","이노뎁","KOSDAQ","IT 서비스","5300","-160","-2.93","38898284700"
"296640","이노룰스","KOSDAQ","IT 서비스","5600","-130","-2.27","28998211200"
"302430","이노메트리","KOSDAQ","기계·장비","7750","-340","-4.20","76207362000"
"462350","이노스페이스","KOSDAQ","운송장비·부품","11440","-500","-4.19","235378469040"
"274400","이노시뮬레이션","KOSDAQ","IT 서비스","3830","-45","-1.16","34801268190"
"073490","이노와이어리스","KOSDAQ","전기·전자","22300","-1050","-4.50","169565765800"
"215790","이노인스트루먼트","KOSDAQ","전기·전자","560","-20","-3.45","22558563440"
"344860","이노진","KOSDAQ","화학","1736","-16","-0.91","20884080000"
"469610","이노테크","KOSDAQ","기계·장비","29950","0","0.00","265863155000"
"088390","이녹스","KOSDAQ","운송장비·부품","9000","-530","-5.56","84472596000"
"272290","이녹스첨단소재","KOSDAQ","전기·전자","23100","-600","-2.53","467258899800"
"053350","이니텍","KOSDAQ","IT 서비스","8490","-160","-1.85","195448841850"
"452400","이닉스","KOSDAQ","운송장비·부품","10160","-80","-0.78","92165708480"
"264850","이랜시스","KOSDAQ","전기·전자","6080","-540","-8.16","184191240960"
"054210","이랜텍","KOSDAQ","전기·전자","9240","-290","-3.04","233690780400"
"009730","이렘","KOSDAQ","금속","740","2","0.27","45789107280"
"065440","이루온","KOSDAQ","IT 서비스","1471","-34","-2.26","40121554420"
"424870","이뮨온시아","KOSDAQ","일반서비스","14900","-480","-3.12","1105059528100"
"115610","이미지스","KOSDAQ","전기·전자","1187","-13","-1.08","28057757606"
"478110","이베스트스팩6호","KOSDAQ","금융","2015","5","0.25","10115300000"
"131400","이브이첨단소재","KOSDAQ","전기·전자","1462","-61","-4.01","87123331484"
"351330","이삭엔지니어링","KOSDAQ","IT 서비스","8600","-280","-3.15","71281272000"
"080010","이상네트웍스","KOSDAQ","유통","6970","-130","-1.83","68550444870"
"086890","이수앱지스","KOSDAQ","제약","5640","-140","-2.42","225301113840"
"047560","이스트소프트","KOSDAQ","IT 서비스","17250","-750","-4.17","202037037000"
"900110","이스트아시아홀딩스","KOSDAQ","금융","1145","-25","-2.14","30098320735"
"239340","이스트에이드","KOSDAQ","IT 서비스","1552","-28","-1.77","41872391968"
"067010","이씨에스","KOSDAQ","IT 서비스","2465","-30","-1.20","30304710000"
"456070","이엔셀","KOSDAQ","제약","18340","3840","26.48","199990455700"
"102710","이엔에프테크놀로지","KOSDAQ","화학","43100","-500","-1.15","615805731600"
"041520","이엘씨","KOSDAQ","의료·정밀기기","7260","-210","-2.81","88490179800"
"063760","이엘피","KOSDAQ","의료·정밀기기","2360","-25","-1.05","22007306800"
"123570","이엠넷","KOSDAQ","일반서비스","1998","1","0.05","44507603844"
"083470","이엠앤아이","KOSDAQ","화학","870","10","1.16","18566086230"
"095190","이엠코리아","KOSDAQ","금속","2050","-30","-1.44","133783947100"
"091120","이엠텍","KOSDAQ","전기·전자","7860","-10","-0.13","134664876960"
"039030","이오테크닉스","KOSDAQ","기계·장비","237000","-15000","-5.95","2919733350000"
"294090","이오플로우","KOSDAQ","의료·정밀기기","1490","0","0.00","52267866450"
"088290","이원컴포텍","KOSDAQ","운송장비·부품","823","-16","-1.91","32821539572"
"353810","이지바이오","KOSDAQ","음식료·담배","6220","-50","-0.80","205769542400"
"261520","이지스","KOSDAQ","IT 서비스","16810","90","0.54","160559370200"
"099750","이지케어텍","KOSDAQ","IT 서비스","22900","0","0.00","156516370400"
"377330","이지트로닉스","KOSDAQ","전기·전자","4025","5","0.12","32763314850"
"035810","이지홀딩스","KOSDAQ","음식료·담배","4715","-20","-0.42","304193812275"
"092130","이크레더블","KOSDAQ","IT 서비스","18200","-130","-0.71","219193520000"
"134060","이퓨쳐","KOSDAQ","오락·문화","4150","-10","-0.24","19792387500"
"001840","이화공영","KOSDAQ","건설","1616","0","0.00","36010355776"
"041830","인바디","KOSDAQ","의료·정밀기기","32400","-450","-1.37","436780576800"
"352940","인바이오","KOSDAQ","화학","2290","-10","-0.43","24887101700"
"079950","인베니아","KOSDAQ","기계·장비","1463","-237","-13.94","8485400000"
"389470","인벤티지랩","KOSDAQ","일반서비스","87500","-2800","-3.10","1084252400000"
"277410","인산가","KOSDAQ","음식료·담배","1197","-18","-1.48","45978571485"
"060150","인선이엔티","KOSDAQ","일반서비스","4450","-70","-1.55","207208073400"
"033230","인성정보","KOSDAQ","IT 서비스","1796","-42","-2.29","90725622480"
"450520","인스웨이브","KOSDAQ","IT 서비스","3435","-70","-2.00","50510225430"
"465480","인스피언","KOSDAQ","IT 서비스","5480","-130","-2.32","55554990560"
"037330","인지디스플레","KOSDAQ","전기·전자","1389","-12","-0.86","60956576136"
"100030","인지소프트","KOSDAQ","IT 서비스","19240","-310","-1.59","63178657360"
"211050","인카금융서비스","KOSDAQ","금융","13920","-390","-2.73","715206816000"
"083640","인콘","KOSDAQ","유통","264","0","0.00","20518172664"
"064090","인크레더블버즈","KOSDAQ","유통","1468","-12","-0.81","73022349660"
"216050","인크로스","KOSDAQ","일반서비스","6900","-40","-0.58","88618231800"
"049070","인탑스","KOSDAQ","전기·전자","15470","-480","-3.01","266084000000"
"119610","인터로조","KOSDAQ","의료·정밀기기","17520","300","1.74","199968847440"
"017250","인터엠","KOSDAQ","전기·전자","1015","-10","-0.98","21361149005"
"051370","인터플렉스","KOSDAQ","전기·전자","11240","-310","-2.68","262200785280"
"064290","인텍플러스","KOSDAQ","기계·장비","13050","-430","-3.19","167874704100"
"189300","인텔리안테크","KOSDAQ","전기·전자","48250","-1400","-2.82","517883365500"
"287840","인투셀","KOSDAQ","일반서비스","64900","-1500","-2.26","973344240000"
"150840","인트로메딕","KOSDAQ","의료·정밀기기","5850","0","0.00","251537720850"
"048530","인트론바이오","KOSDAQ","제약","3475","-80","-2.25","118673897950"
"115310","인포바인","KOSDAQ","통신","72800","5900","8.82","232441882400"
"039290","인포뱅크","KOSDAQ","IT 서비스","5750","0","0.00","49990373500"
"071200","인피니트헬스케어","KOSDAQ","IT 서비스","5860","0","0.00","142963243880"
"101930","인화정공","KOSDAQ","운송장비·부품","45850","-1200","-2.55","423327639700"
"333430","일승","KOSDAQ","운송장비·부품","6070","-210","-3.34","186511354290"
"068330","일신바이오","KOSDAQ","기계·장비","1715","-14","-0.81","75830680100"
"178780","일월지엠엘","KOSDAQ","유통","3175","15","0.47","56417194125"
"019540","일지테크","KOSDAQ","운송장비·부품","4175","-65","-1.53","56418862500"
"094820","일진파워","KOSDAQ","건설","11230","-490","-4.18","169333902070"
"950140","잉글우드랩","KOSDAQ","화학","12300","170","1.40","244374751800"
"049550","잉크테크","KOSDAQ","화학","3200","-30","-0.93","62740086400"
"389020","자람테크놀로지","KOSDAQ","전기·전자","35650","-1950","-5.19","220949074500"
"254120","자비스","KOSDAQ","기계·장비","1723","-176","-9.27","52989607210"
"043910","자연과환경","KOSDAQ","비금속","633","1","0.16","71776792281"
"234920","자이글","KOSDAQ","전기·전자","5310","0","0.00","71849132100"
"289220","자이언트스텝","KOSDAQ","오락·문화","4420","-165","-3.60","98620016820"
"174880","장원테크","KOSDAQ","전기·전자","2650","0","0.00","11610352250"
"049630","재영솔루텍","KOSDAQ","의료·정밀기기","3070","25","0.82","358875509200"
"417840","저스템","KOSDAQ","기계·장비","10070","-280","-2.71","73135892500"
"110020","전진바이오팜","KOSDAQ","화학","2700","-50","-1.82","24458657400"
"208140","정다운","KOSDAQ","음식료·담배","2740","-20","-0.72","89554834040"
"040420","정상제이엘에스","KOSDAQ","일반서비스","6490","-10","-0.15","101747312480"
"045510","정원엔시스","KOSDAQ","유통","914","-2","-0.22","29439292888"
"217190","제너셈","KOSDAQ","기계·장비","4710","-100","-2.08","41302809540"
"095700","제넥신","KOSDAQ","일반서비스","4890","-75","-1.51","222693015660"
"122310","제노레이","KOSDAQ","의료·정밀기기","4345","-165","-3.66","63236452180"
"361390","제노코","KOSDAQ","전기·전자","14790","-780","-5.01","130163669310"
"225220","제놀루션","KOSDAQ","제약","2015","-25","-1.23","38667892315"
"123330","제닉","KOSDAQ","화학","17950","-10","-0.06","143037806000"
"381620","제닉스로보틱스","KOSDAQ","기계·장비","14810","-910","-5.79","194276395200"
"159580","제로투세븐","KOSDAQ","유통","4090","-55","-1.33","81933481240"
"147830","제룡산업","KOSDAQ","금속","6320","-20","-0.32","126400000000"
"033100","제룡전기","KOSDAQ","전기·전자","37400","750","2.05","600734096600"
"079370","제우스","KOSDAQ","기계·장비","13410","-430","-3.11","415937835900"
"054950","제이브이엠","KOSDAQ","기계·장비","26400","-400","-1.49","319173148800"
"023440","제이스코홀딩스","KOSDAQ","금속","694","-19","-2.66","61499534536"
"090470","제이스텍","KOSDAQ","기계·장비","5860","-870","-12.93","102412840840"
"137950","제이씨케미칼","KOSDAQ","화학","3335","-60","-1.77","74263159690"
"033320","제이씨현시스템","KOSDAQ","유통","4145","-75","-1.78","79229320640"
"417500","제이아이테크","KOSDAQ","화학","3165","-20","-0.63","103763714760"
"204270","제이앤티씨","KOSDAQ","전기·전자","20750","-850","-3.94","1200355669500"
"127120","제이에스링크","KOSDAQ","일반서비스","17010","960","5.98","541402206660"
"026040","제이에스티나","KOSDAQ","기타제조","2965","-70","-2.31","48933737350"
"452160","제이엔비","KOSDAQ","기계·장비","5700","-340","-5.63","54819903900"
"126880","제이엔케이글로벌","KOSDAQ","기계·장비","3860","-90","-2.28","89570925580"
"322510","제이엘케이","KOSDAQ","IT 서비스","5890","-460","-7.24","150365173880"
"033050","제이엠아이","KOSDAQ","화학","800","5","0.63","26063473600"
"094970","제이엠티","KOSDAQ","전기·전자","2730","-60","-2.15","45722695200"
"418550","제이오","KOSDAQ","일반서비스","7350","-370","-4.79","235329896550"
"060230","제이케이시냅스","KOSDAQ","화학","3000","-25","-0.83","23754858000"
"420570","제이투케이바이오","KOSDAQ","화학","8090","-70","-0.86","47306137470"
"089790","제이티","KOSDAQ","기계·장비","4295","-220","-4.87","44305128335"
"0010V0","제이피아이헬스케어","KOSDAQ","의료·정밀기기","17070","1070","6.69","87149178000"
"052670","제일바이오","KOSDAQ","제약","2080","0","0.00","60588453120"
"412540","제일엠앤에스","KOSDAQ","기계·장비","3935","0","0.00","81063616775"
"199820","제일일렉트릭","KOSDAQ","전기·전자","8990","-180","-1.96","199757800000"
"038010","제일테크노스","KOSDAQ","금속","6150","-30","-0.49","55350000000"
"080220","제주반도체","KOSDAQ","전기·전자","18340","-500","-2.65","631681557220"
"216080","제테마","KOSDAQ","제약","5580","-120","-2.11","200921950440"
"337930","젝시믹스","KOSDAQ","IT 서비스","5530","-730","-11.66","164110906750"
"229000","젠큐릭스","KOSDAQ","제약","1545","-34","-2.15","24902041170"
"082270","젬백스","KOSDAQ","기계·장비","28050","-700","-2.43","1189050523650"
"034940","조아제약","KOSDAQ","제약","1002","2","0.20","31041786654"
"067000","조이시티","KOSDAQ","IT 서비스","2155","-65","-2.93","150641926130"
"309930","조이웍스앤코","KOSDAQ","유통","2055","-95","-4.42","50320883640"
"033340","좋은사람들","KOSDAQ","섬유·의류","1701","-13","-0.76","164912899158"
"036930","주성엔지니어링","KOSDAQ","기계·장비","26850","-850","-3.07","1269154418850"
"072020","중앙백신","KOSDAQ","제약","9830","-30","-0.30","94944893210"
"000440","중앙에너비스","KOSDAQ","유통","15120","-470","-3.01","94154205600"
"051980","중앙첨단소재","KOSDAQ","전기·전자","2755","5","0.18","306057658295"
"228760","지노믹트리","KOSDAQ","일반서비스","26050","-1350","-4.93","635152949550"
"314130","지놈앤컴퍼니","KOSDAQ","제약","5560","-440","-7.33","178528225080"
"389030","지니너스","KOSDAQ","일반서비스","3390","180","5.61","113062754550"
"263860","지니언스","KOSDAQ","IT 서비스","19490","-150","-0.76","176961404000"
"303030","지니틱스","KOSDAQ","전기·전자","722","-5","-0.69","26767203458"
"036180","지더블유바이텍","KOSDAQ","유통","577","0","0.00","53929030348"
"208350","지란지교시큐리티","KOSDAQ","IT 서비스","2920","-20","-0.68","24824584400"
"446840","지슨","KOSDAQ","의료·정밀기기","1809","-21","-1.15","99174957147"
"144510","지씨셀","KOSDAQ","일반서비스","27100","800","3.04","428189322400"
"340450","지씨지놈","KOSDAQ","일반서비스","7200","-650","-8.28","170285709600"
"358570","지아이이노베이션","KOSDAQ","일반서비스","17860","-1550","-7.99","1137214121580"
"382480","지아이텍","KOSDAQ","기계·장비","2030","-45","-2.17","79894994200"
"382800","지앤비에스 에코","KOSDAQ","기계·장비","2620","-85","-3.14","83397327420"
"051160","지어소프트","KOSDAQ","IT 서비스","7510","-150","-1.96","116212969300"
"053050","지에스이","KOSDAQ","전기·가스·수도","2405","-45","-1.84","72120170785"
"388610","지에프씨생명과학","KOSDAQ","화학","14340","440","3.17","75332451060"
"119850","지엔씨에너지","KOSDAQ","전기·전자","32500","-1300","-3.85","534589542500"
"065060","지엔코","KOSDAQ","섬유·의류","775","28","3.75","18445623100"
"204840","지엘팜텍","KOSDAQ","유통","1216","-28","-2.25","94299591296"
"311320","지오엘리먼트","KOSDAQ","전기·전자","7080","-80","-1.12","89311084800"
"456160","지투지바이오","KOSDAQ","제약","76700","4200","5.79","1247032012200"
"388050","지투파워","KOSDAQ","전기·전자","7930","-280","-3.41","148365835410"
"018120","진로발효","KOSDAQ","음식료·담배","18470","40","0.22","122292086400"
"109820","진매트릭스","KOSDAQ","일반서비스","2470","-40","-1.59","50372290800"
"086060","진바이오텍","KOSDAQ","유통","3985","-25","-0.62","34313189195"
"036890","진성티이씨","KOSDAQ","기계·장비","13850","-550","-3.82","305151828550"
"363250","진시스템","KOSDAQ","의료·정밀기기","4085","0","0.00","28769829830"
"007370","진양제약","KOSDAQ","제약","5180","-60","-1.15","73217160660"
"285800","진영","KOSDAQ","화학","1670","-70","-4.02","29187040900"
"085660","차바이오텍","KOSDAQ","제약","14950","-90","-0.60","1142571435850"
"261780","차백신연구소","KOSDAQ","일반서비스","2885","-15","-0.52","77506234710"
"351870","차이커뮤니케이션","KOSDAQ","일반서비스","4845","-145","-2.91","54073310490"
"094850","참좋은여행","KOSDAQ","일반서비스","6090","-90","-1.46","85260000000"
"004650","창해에탄올","KOSDAQ","음식료·담배","10410","-60","-0.57","95677112850"
"278280","천보","KOSDAQ","화학","53200","-4500","-7.80","532000000000"
"362320","청담글로벌","KOSDAQ","유통","6490","130","2.04","136622872100"
"066360","체리부로","KOSDAQ","음식료·담배","740","-2","-0.27","35484491100"
"047820","초록뱀미디어","KOSDAQ","오락·문화","4605","-120","-2.54","112610347650"
"094360","칩스앤미디어","KOSDAQ","전기·전자","17300","-700","-3.89","368131440200"
"016920","카스","KOSDAQ","유통","1087","-25","-2.25","28798475806"
"284620","카이노스메드","KOSDAQ","일반서비스","1087","0","0.00","35965517911"
"293490","카카오게임즈","KOSDAQ","IT 서비스","15450","-190","-1.21","1387207774950"
"140430","카티스","KOSDAQ","IT 서비스","1247","-40","-3.11","23820467093"
"042000","카페24","KOSDAQ","IT 서비스","31450","-1800","-5.41","762758548300"
"313760","캐리","KOSDAQ","전기·전자","1174","0","0.00","13157236364"
"317530","캐리소프트","KOSDAQ","오락·문화","4790","20","0.42","48088984660"
"071850","캐스텍코리아","KOSDAQ","운송장비·부품","1505","-20","-1.31","36512711690"
"198080","캐프","KOSDAQ","전기·전자","2200","-45","-2.00","47377407000"
"210120","캔버스엔","KOSDAQ","오락·문화","1621","20","1.25","39288951838"
"050110","캠시스","KOSDAQ","전기·전자","446","-2","-0.45","32925556628"
"452300","캡스톤파트너스","KOSDAQ","금융","2800","-45","-1.58","39534614000"
"451760","컨텍","KOSDAQ","IT 서비스","8890","-560","-5.93","135592022440"
"900310","컬러레이","KOSDAQ","금융","595","1","0.17","38104796625"
"078340","컴투스","KOSDAQ","IT 서비스","29650","-300","-1.00","377674435750"
"063080","컴투스홀딩스","KOSDAQ","IT 서비스","16600","-400","-2.35","109480187200"
"307930","컴퍼니케이","KOSDAQ","금융","6060","-140","-2.26","94596600000"
"079190","케스피온","KOSDAQ","전기·전자","471","-3","-0.63","18065447094"
"263700","케어랩스","KOSDAQ","일반서비스","2935","-90","-2.98","56980677000"
"214370","케어젠","KOSDAQ","제약","65000","-2900","-4.27","3491475000000"
"221980","케이디켐","KOSDAQ","화학","10890","-10","-0.09","43938972000"
"038530","케이바이오","KOSDAQ","유통","243","-3","-1.22","28118586321"
"192250","케이사인","KOSDAQ","IT 서비스","10110","-40","-0.39","71448633750"
"431190","케이쓰리아이","KOSDAQ","IT 서비스","5010","-240","-4.57","37507074420"
"115500","케이씨에스","KOSDAQ","IT 서비스","9720","-220","-2.21","116640000000"
"089150","케이씨티","KOSDAQ","IT 서비스","2870","-105","-3.53","49220500000"
"025880","케이씨피드","KOSDAQ","음식료·담배","2765","-20","-0.72","46219347370"
"093320","케이아이엔엑스","KOSDAQ","IT 서비스","122100","-600","-0.49","595848000000"
"093640","케이알엠","KOSDAQ","전기·전자","3785","-190","-4.78","123481276035"
"073010","케이에스피","KOSDAQ","기계·장비","4485","-100","-2.18","180257756250"
"105330","케이엔더블유","KOSDAQ","운송장비·부품","5510","-210","-3.67","88490754280"
"053080","케이엔솔","KOSDAQ","기계·장비","11100","-240","-2.12","144297857700"
"199430","케이엔알시스템","KOSDAQ","의료·정밀기기","26700","-200","-0.74","290955587100"
"432470","케이엔에스","KOSDAQ","기계·장비","9980","-110","-1.09","87540128880"
"272110","케이엔제이","KOSDAQ","전기·전자","21700","-900","-3.98","174151071500"
"039420","케이엘넷","KOSDAQ","통신","2845","-45","-1.56","68720206850"
"083550","케이엠","KOSDAQ","섬유·의류","3365","-100","-2.89","43579734755"
"032500","케이엠더블유","KOSDAQ","전기·전자","15230","-770","-4.81","623365560070"
"225430","케이엠제약","KOSDAQ","화학","538","2","0.37","15003232900"
"102370","케이옥션","KOSDAQ","유통","3550","-150","-4.05","96663695500"
"068100","케이웨더","KOSDAQ","기계·장비","3095","70","2.31","30763105330"
"106080","케이이엠텍","KOSDAQ","전기·전자","985","-32","-3.15","27412212145"
"455180","케이지에이","KOSDAQ","기계·장비","4025","-225","-5.29","51385802475"
"036030","케이티알파","KOSDAQ","유통","5780","0","0.00","283331455740"
"064820","케이프","KOSDAQ","운송장비·부품","10310","-310","-2.92","318596815680"
"024880","케이피에프","KOSDAQ","금속","5280","-90","-1.68","109205173440"
"042040","케이피엠테크","KOSDAQ","유통","218","-1","-0.46","42541735132"
"054410","케이피티유","KOSDAQ","금속","3575","50","1.42","20472037300"
"258610","케일럼","KOSDAQ","금속","1500","-5","-0.33","40180699500"
"274090","켄코아에어로스페이스","KOSDAQ","운송장비·부품","10680","-590","-5.24","139958730000"
"089010","켐트로닉스","KOSDAQ","화학","29650","-1600","-5.12","484460926950"
"220260","켐트로스","KOSDAQ","화학","5740","-80","-1.37","152444682180"
"052400","코나아이","KOSDAQ","IT 서비스","46100","-1800","-3.76","671367715100"
"402030","코난테크놀로지","KOSDAQ","IT 서비스","20400","-1050","-4.90","255356755200"
"391710","코닉오토메이션","KOSDAQ","기계·장비","2300","-125","-5.15","98027081000"
"046070","코다코","KOSDAQ","운송장비·부품","10280","0","0.00","159196994920"
"047770","코데즈컴바인","KOSDAQ","섬유·의류","2890","-40","-1.37","109365119780"
"080530","코디","KOSDAQ","화학","1068","-4","-0.37","59285614500"
"104540","코렌텍","KOSDAQ","의료·정밀기기","6280","10","0.16","80294447200"
"027050","코리아나","KOSDAQ","화학","2280","-30","-1.30","91200000000"
"190650","코리아에셋투자증권","KOSDAQ","금융","7050","100","1.44","45035400000"
"123410","코리아에프티","KOSDAQ","운송장비·부품","8450","-50","-0.59","235256990800"
"036690","코맥스","KOSDAQ","전기·전자","2885","0","0.00","45885746130"
"049430","코메론","KOSDAQ","의료·정밀기기","13940","390","2.88","126129120000"
"183300","코미코","KOSDAQ","기계·장비","81900","-2200","-2.62","856730019600"
"041960","코미팜","KOSDAQ","제약","6970","60","0.87","514098090210"
"089890","코세스","KOSDAQ","기계·장비","19240","-2260","-10.51","319094668880"
"360350","코셈","KOSDAQ","의료·정밀기기","7320","-70","-0.95","41760380400"
"082660","코스나인","KOSDAQ","화학","480","0","0.00","47827617120"
"222040","코스맥스엔비티","KOSDAQ","음식료·담배","3465","235","7.28","71476020000"
"241710","코스메카코리아","KOSDAQ","화학","71400","5200","7.85","762552000000"
"355150","코스텍시스","KOSDAQ","전기·전자","11240","-90","-0.79","87642214000"
"166480","코아스템켐온","KOSDAQ","제약","1962","-3","-0.15","103731677712"
"045970","코아시아","KOSDAQ","전기·전자","4900","-180","-3.54","128942892400"
"196450","코아시아씨엠","KOSDAQ","의료·정밀기기","769","-18","-2.29","34850758558"
"384470","코어라인소프트","KOSDAQ","IT 서비스","3790","-110","-2.82","68017962680"
"102940","코오롱생명과학","KOSDAQ","제약","53100","-900","-1.67","659681849700"
"950160","코오롱티슈진","KOSDAQ","제약","77300","-2900","-3.62","6433003784500"
"056360","코위버","KOSDAQ","전기·전자","5250","-120","-2.23","51433200000"
"282880","코윈테크","KOSDAQ","기계·장비","15250","-390","-2.49","174907892500"
"121850","코이즈","KOSDAQ","화학","5250","130","2.54","16072439250"
"448710","코츠테크놀로지","KOSDAQ","전기·전자","15750","-540","-3.31","82854276750"
"126730","코칩","KOSDAQ","전기·전자","14500","-440","-2.95","123300170000"
"015710","코콤","KOSDAQ","전기·전자","3630","-80","-2.16","63635715000"
"052330","코텍","KOSDAQ","전기·전자","8860","-60","-0.67","157367678540"
"322780","코퍼스코리아","KOSDAQ","오락·문화","1420","1","0.07","60958667380"
"200130","콜마비앤에이치","KOSDAQ","제약","13190","-160","-1.20","387991210020"
"294570","쿠콘","KOSDAQ","IT 서비스","28300","-1800","-5.98","285596015600"
"464490","쿼드메디슨","KOSDAQ","제약","20250","3190","18.70","229664220750"
"317690","퀀타매트릭스","KOSDAQ","의료·정밀기기","4275","-180","-4.04","83691764775"
"227100","퀀텀온","KOSDAQ","부동산","612","0","0.00","14770119384"
"432720","퀄리타스반도체","KOSDAQ","전기·전자","13120","-570","-4.16","185556317440"
"365270","큐라클","KOSDAQ","일반서비스","6490","70","1.09","136349415950"
"348080","큐라티스","KOSDAQ","일반서비스","1315","-95","-6.74","107549634110"
"060280","큐렉소","KOSDAQ","유통","12830","-950","-6.89","527184571700"
"372320","큐로셀","KOSDAQ","일반서비스","46350","-900","-1.90","668951658900"
"051780","큐로홀딩스","KOSDAQ","유통","1236","285","29.97","28727414820"
"115180","큐리언트","KOSDAQ","일반서비스","29250","-1050","-3.47","1051674945750"
"494120","큐리오시스","KOSDAQ","의료·정밀기기","65600","500","0.77","498958979200"
"445680","큐리옥스바이오시스템즈","KOSDAQ","의료·정밀기기","96100","-4100","-4.09","1645215951300"
"182360","큐브엔터","KOSDAQ","오락·문화","13680","340","2.55","212721934320"
"405100","큐알티","KOSDAQ","일반서비스","14320","-770","-5.10","175982790320"
"066310","큐에스아이","KOSDAQ","전기·전자","7190","-230","-3.10","66662954990"
"016600","큐캐피탈","KOSDAQ","금융","243","-2","-0.82","43314048216"
"355390","크라우드웍스","KOSDAQ","IT 서비스","4810","-350","-6.78","65431276560"
"096240","크레버스","KOSDAQ","일반서비스","12850","-60","-0.46","143125613000"
"040350","크레오에스지","KOSDAQ","IT 서비스","236","0","0.00","46068455992"
"110790","크리스에프앤씨","KOSDAQ","섬유·의류","4160","-20","-0.48","97472793600"
"900250","크리스탈신소재","KOSDAQ","금융","708","-13","-1.80","92493122832"
"045520","크린앤사이언스","KOSDAQ","기계·장비","3505","-45","-1.27","22782500000"
"214150","클래시스","KOSDAQ","의료·정밀기기","57900","1600","2.84","3792777656100"
"466100","클로봇","KOSDAQ","IT 서비스","63800","-2000","-3.04","1594498468200"
"237880","클리오","KOSDAQ","화학","13630","110","0.81","246312541390"
"139670","키네마스터","KOSDAQ","IT 서비스","2060","-60","-2.83","29084748600"
"475430","키스트론","KOSDAQ","전기·전자","4700","35","0.75","83886117000"
"487720","키움제10호스팩","KOSDAQ","금융","2090","10","0.48","8840700000"
"489480","키움제11호스팩","KOSDAQ","금융","2035","0","0.00","13431000000"
"466690","키움히어로제1호스팩","KOSDAQ","금융","1989","-9","-0.45","10133955000"
"054780","키이스트","KOSDAQ","오락·문화","3990","-5","-0.13","78434594070"
"256940","킵스파마","KOSDAQ","제약","11870","-580","-4.66","238327604890"
"219130","타이거일렉","KOSDAQ","전기·전자","19900","-2150","-9.75","125654371000"
"336680","탑런토탈솔루션","KOSDAQ","전기·전자","4180","-130","-3.02","163628432440"
"360070","탑머티리얼","KOSDAQ","전기·전자","22300","-900","-3.88","181634458900"
"065130","탑엔지니어링","KOSDAQ","기계·장비","3440","-25","-0.72","56176858080"
"134580","탑코미디어","KOSDAQ","IT 서비스","2045","-40","-1.92","100806534705"
"023160","태광","KOSDAQ","금속","24000","-150","-0.62","636000000000"
"323280","태성","KOSDAQ","기계·장비","51700","-3300","-6.00","1576887741000"
"053620","태양","KOSDAQ","금속","6600","-60","-0.90","56760000000"
"044490","태웅","KOSDAQ","금속","28150","-3050","-9.78","563207775150"
"124560","태웅로직스","KOSDAQ","운송·창고","2715","-50","-1.81","105127001865"
"191420","테고사이언스","KOSDAQ","제약","15890","-110","-0.69","128849372260"
"950250","테라뷰","KOSDAQ","금융","11030","-1490","-11.90","391760572930"
"073640","테라사이언스","KOSDAQ","금속","654","0","0.00","69571715580"
"066700","테라젠이텍스","KOSDAQ","제약","3040","150","5.19","112943223040"
"095610","테스","KOSDAQ","기계·장비","36500","-650","-1.75","721540249000"
"064520","테크엘","KOSDAQ","전기·전자","1699","2","0.12","37974454338"
"089030","테크윙","KOSDAQ","기계·장비","41750","-1250","-2.91","1546989678750"
"054450","텔레칩스","KOSDAQ","전기·전자","13910","-240","-1.70","210656281030"
"200230","텔콘RF제약","KOSDAQ","제약","984","-12","-1.20","67427156472"
"393210","토마토시스템","KOSDAQ","IT 서비스","5420","-100","-1.81","84630828480"
"475960","토모큐브","KOSDAQ","의료·정밀기기","52100","-2400","-4.40","694064425400"
"215480","토박스코리아","KOSDAQ","유통","2040","-15","-0.73","18727200000"
"051360","토비스","KOSDAQ","전기·전자","15760","-400","-2.48","249434434080"
"045340","토탈소프트","KOSDAQ","IT 서비스","7130","-110","-1.52","61018825200"
"108230","톱텍","KOSDAQ","기계·장비","4875","-125","-2.50","185363319375"
"079970","투비소프트","KOSDAQ","IT 서비스","596","0","0.00","7646223464"
"199800","툴젠","KOSDAQ","일반서비스","47650","-200","-0.42","427338780250"
"417790","트루엔","KOSDAQ","전기·전자","8540","-10","-0.12","93937011000"
"290090","트윔","KOSDAQ","IT 서비스","7530","-100","-1.31","56025218040"
"026150","특수건설","KOSDAQ","건설","6300","-270","-4.11","110541885300"
"464280","티디에스팜","KOSDAQ","제약","9580","-70","-0.73","52977400000"
"117730","티로보틱스","KOSDAQ","기계·장비","19170","-1230","-6.03","417533124330"
"033830","티비씨","KOSDAQ","오락·문화","614","-11","-1.76","61400000000"
"057680","티사이언티픽","KOSDAQ","IT 서비스","750","-15","-1.96","53436375750"
"204610","티쓰리","KOSDAQ","IT 서비스","1861","-19","-1.01","109225290920"
"125020","티씨머티리얼즈","KOSDAQ","전기·전자","4240","200","4.95","148563452000"
"064760","티씨케이","KOSDAQ","비금속","138500","-8300","-5.65","1616987500000"
"246710","티앤알바이오팹","KOSDAQ","제약","3500","-40","-1.13","160477926000"
"340570","티앤엘","KOSDAQ","제약","46150","-850","-1.81","375107200000"
"043220","티에스넥스젠","KOSDAQ","기계·장비","1710","0","0.00","27227331360"
"277880","티에스아이","KOSDAQ","기계·장비","5250","-210","-3.85","106082802000"
"131290","티에스이","KOSDAQ","의료·정밀기기","53300","-2600","-4.65","589574165700"
"425420","티에프이","KOSDAQ","전기·전자","33650","-2300","-6.40","402477891500"
"484810","티엑스알로보틱스","KOSDAQ","기계·장비","16030","-1140","-6.64","247678167450"
"131100","티엔엔터테인먼트","KOSDAQ","오락·문화","1297","-8","-0.61","41824001028"
"356860","티엘비","KOSDAQ","전기·전자","55800","-2200","-3.79","548660754000"
"321550","티움바이오","KOSDAQ","일반서비스","6240","-10","-0.16","177704198880"
"425040","티이엠씨","KOSDAQ","화학","7220","-150","-2.04","153995972040"
"241790","티이엠씨씨엔에스","KOSDAQ","기계·장비","6510","-230","-3.41","65117147340"
"022220","티케이지애강","KOSDAQ","화학","741","-20","-2.63","38379783039"
"104480","티케이케미칼","KOSDAQ","화학","1635","-48","-2.85","148614034590"
"081150","티플랙스","KOSDAQ","금속","2875","-20","-0.69","69771655750"
"130740","티피씨글로벌","KOSDAQ","운송장비·부품","1812","-49","-2.63","20433342348"
"084730","팅크웨어","KOSDAQ","전기·전자","7940","-150","-1.85","88208826560"
"440110","파두","KOSDAQ","전기·전자","22500","-800","-3.43","1113599092500"
"288330","파라택시스코리아","KOSDAQ","제약","862","-69","-7.41","75516254768"
"033540","파라텍","KOSDAQ","기계·장비","1140","-32","-2.73","43036211820"
"388870","파로스아이바이오","KOSDAQ","일반서비스","10080","-110","-1.08","130494994560"
"043200","파루","KOSDAQ","전기·전자","790","-21","-2.59","33025408850"
"214450","파마리서치","KOSDAQ","제약","376500","-4000","-1.05","3911702472000"
"208340","파멥신","KOSDAQ","제약","2915","0","0.00","233786229820"
"177830","파버나인","KOSDAQ","전기·전자","2850","-10","-0.35","38457760350"
"037070","파세코","KOSDAQ","전기·전자","7870","-50","-0.63","157400000000"
"150900","파수","KOSDAQ","IT 서비스","4370","-20","-0.46","51126474140"
"037030","파워넷","KOSDAQ","전기·전자","2660","-70","-2.56","67031781880"
"047310","파워로직스","KOSDAQ","전기·전자","4320","-140","-3.14","158158461600"
"368770","파이버프로","KOSDAQ","의료·정밀기기","8850","-390","-4.22","290759891250"
"170790","파이오링크","KOSDAQ","전기·전자","9020","-180","-1.96","60604378780"
"049120","파인디앤씨","KOSDAQ","전기·전자","789","4","0.51","41823563691"
"038950","파인디지털","KOSDAQ","전기·전자","3230","85","2.70","32980770950"
"387570","파인메딕스","KOSDAQ","의료·정밀기기","7920","-250","-3.06","44557128000"
"441270","파인엠텍","KOSDAQ","전기·전자","9410","-590","-5.90","354193086930"
"106240","파인테크닉스","KOSDAQ","전기·전자","1259","8","0.64","21402169060"
"131760","파인텍","KOSDAQ","기계·장비","810","-11","-1.34","35179582230"
"065690","파커스","KOSDAQ","화학","1276","49","3.99","17926946356"
"140860","파크시스템스","KOSDAQ","의료·정밀기기","213000","1000","0.47","1490249601000"
"091700","파트론","KOSDAQ","전기·전자","7300","-110","-1.48","416100000000"
"032800","판타지오","KOSDAQ","오락·문화","503","-1","-0.20","23116400174"
"318010","팜스빌","KOSDAQ","음식료·담배","3530","60","1.73","27990563140"
"027710","팜스토리","KOSDAQ","음식료·담배","1174","-17","-1.43","130803088400"
"225590","패션플랫폼","KOSDAQ","섬유·의류","888","6","0.68","23653401144"
"054300","팬스타엔터프라이즈","KOSDAQ","기계·장비","660","-3","-0.45","76389647400"
"068050","팬엔터테인먼트","KOSDAQ","오락·문화","1913","-35","-1.80","52978767388"
"222110","팬젠","KOSDAQ","제약","5850","70","1.21","78941052450"
"271830","팸텍","KOSDAQ","기계·장비","2050","-45","-2.15","60454914100"
"263750","펄어비스","KOSDAQ","IT 서비스","37450","-250","-0.66","2406082169750"
"251970","펌텍코리아","KOSDAQ","화학","52700","1500","2.93","653480000000"
"0015S0","페스카로","KOSDAQ","일반서비스","24000","1700","7.62","231905520000"
"168360","펨트론","KOSDAQ","기계·장비","15680","-460","-2.85","333800293120"
"087010","펩트론","KOSDAQ","제약","265000","-4500","-1.67","6179097750000"
"064800","포니링크","KOSDAQ","유통","841","-12","-1.41","107485937618"
"119500","포메탈","KOSDAQ","금속","3365","-150","-4.27","39865935680"
"389140","포바이포","KOSDAQ","오락·문화","7800","-220","-2.74","87123933000"
"105760","포스뱅크","KOSDAQ","기계·장비","5180","-140","-2.63","52649763460"
"009520","포스코엠텍","KOSDAQ","금속","15790","-880","-5.28","657538280370"
"189690","포시에스","KOSDAQ","IT 서비스","2070","-15","-0.72","56556475830"
"318020","포인트모바일","KOSDAQ","전기·전자","4065","-105","-2.52","50004670680"
"256630","포인트엔지니어링","KOSDAQ","금속","1024","-3","-0.29","59389001728"
"331380","포커스에이아이","KOSDAQ","전기·전자","2820","-140","-4.73","68356343160"
"208710","포톤","KOSDAQ","전기·전자","2190","-70","-3.10","28864489080"
"472850","폰드그룹","KOSDAQ","유통","10700","290","2.79","346080083100"
"039980","폴라리스AI","KOSDAQ","IT 서비스","1862","-102","-5.19","135514080912"
"041910","폴라리스AI파마","KOSDAQ","제약","6220","-120","-1.89","83979995540"
"234100","폴라리스세원","KOSDAQ","운송장비·부품","1080","-23","-2.09","75794996160"
"041020","폴라리스오피스","KOSDAQ","IT 서비스","4400","-190","-4.14","218792191200"
"114630","폴라리스우노","KOSDAQ","화학","502","-4","-0.79","44149669096"
"290720","푸드나무","KOSDAQ","유통","1950","-45","-2.26","67015367250"
"005670","푸드웰","KOSDAQ","음식료·담배","6240","-100","-1.58","62400000000"
"094940","푸른기술","KOSDAQ","전기·전자","7980","-250","-3.04","66723860280"
"057880","푸른소나무","KOSDAQ","기타","8790","0","0.00","216061434720"
"007330","푸른저축은행","KOSDAQ","금융","10830","-70","-0.64","163346724000"
"093380","풍강","KOSDAQ","금속","2780","-60","-2.11","27464490140"
"023900","풍국주정","KOSDAQ","음식료·담배","9390","-40","-0.42","118314000000"
"371950","풍원정밀","KOSDAQ","전기·전자","9170","-300","-3.17","207815565160"
"370090","퓨런티어","KOSDAQ","의료·정밀기기","14710","1870","14.56","125870969300"
"445180","퓨릿","KOSDAQ","화학","8690","-50","-0.57","149374043720"
"220100","퓨쳐켐","KOSDAQ","제약","31100","-300","-0.96","696657167200"
"035200","프럼파스트","KOSDAQ","화학","3530","-40","-1.12","34348982700"
"334970","프레스티지바이오로직스","KOSDAQ","제약","3080","0","0.00","239478121960"
"321260","프로이천","KOSDAQ","전기·전자","1738","-34","-1.92","48997841992"
"053610","프로텍","KOSDAQ","기계·장비","32500","-1350","-3.99","357500000000"
"468530","프로티나","KOSDAQ","일반서비스","99100","-2000","-1.98","1084102468000"
"303360","프로티아","KOSDAQ","의료·정밀기기","6330","-40","-0.63","81512770950"
"377220","프롬바이오","KOSDAQ","음식료·담배","1400","192","15.89","39634000000"
"335810","프리시젼바이오","KOSDAQ","의료·정밀기기","2835","35","1.25","50910391350"
"053160","프리엠스","KOSDAQ","전기·전자","7060","-260","-3.55","42360000000"
"405000","플라즈맵","KOSDAQ","의료·정밀기기","6560","-20","-0.30","25180192640"
"041590","플래스크","KOSDAQ","건설","2370","0","0.00","116064014460"
"367000","플래티어","KOSDAQ","IT 서비스","4355","-35","-0.80","36530641485"
"075130","플랜티넷","KOSDAQ","IT 서비스","2450","-65","-2.58","40724684000"
"237820","플레이디","KOSDAQ","일반서비스","4570","-45","-0.98","58620029800"
"023770","플레이위드","KOSDAQ","IT 서비스","3050","-40","-1.29","27286809750"
"019570","플루토스","KOSDAQ","금융","284","3","1.07","19059251928"
"300080","플리토","KOSDAQ","IT 서비스","16360","-1440","-8.09","270029178360"
"033790","피노","KOSDAQ","전기·전자","6160","-820","-11.75","419109897360"
"032580","피델릭스","KOSDAQ","전기·전자","1098","-17","-1.52","36379006272"
"051380","피씨디렉트","KOSDAQ","유통","2050","0","0.00","31447147600"
"241820","피씨엘","KOSDAQ","제약","6040","0","0.00","16803871920"
"452450","피아이이","KOSDAQ","기계·장비","6870","-350","-4.85","246485295000"
"237750","피앤씨테크","KOSDAQ","전기·전자","4000","-25","-0.62","25986400000"
"460940","피앤에스로보틱스","KOSDAQ","의료·정밀기기","12140","-1060","-8.03","159416167200"
"319660","피에스케이","KOSDAQ","기계·장비","29500","-850","-2.80","854518063000"
"031980","피에스케이홀딩스","KOSDAQ","기계·장비","40800","-1150","-2.74","879745716000"
"002230","피에스텍","KOSDAQ","의료·정밀기기","6810","-350","-4.89","131254714200"
"043370","피에이치에이","KOSDAQ","운송장비·부품","12130","-160","-1.30","254730000000"
"239890","피엔에이치테크","KOSDAQ","화학","4910","-240","-4.66","48784557050"
"347740","피엔케이피부임상연구센타","KOSDAQ","일반서비스","2450","-35","-1.41","73525911200"
"137400","피엔티","KOSDAQ","기계·장비","40250","-2250","-5.29","955659211500"
"257370","피엔티엠에스","KOSDAQ","기계·장비","2255","55","2.50","28198461555"
"147760","피엠티","KOSDAQ","의료·정밀기기","2570","-45","-1.72","27807055620"
"128660","피제이메탈","KOSDAQ","금속","2830","-30","-1.05","70193534270"
"006140","피제이전자","KOSDAQ","의료·정밀기기","5620","10","0.18","84300000000"
"376180","피코그램","KOSDAQ","기타제조","2445","-55","-2.20","45381737910"
"304840","피플바이오","KOSDAQ","제약","1593","-17","-1.06","33816699423"
"087600","픽셀플러스","KOSDAQ","전기·전자","5890","10","0.17","48101026620"
"291810","핀텔","KOSDAQ","IT 서비스","2615","-95","-3.51","29729181880"
"378340","필에너지","KOSDAQ","기계·장비","13160","-710","-5.12","282451527120"
"161580","필옵틱스","KOSDAQ","기계·장비","44300","-3250","-6.83","1036741692100"
"347770","핌스","KOSDAQ","전기·전자","1123","-77","-6.42","25668458166"
"163730","핑거","KOSDAQ","IT 서비스","10690","-710","-6.23","100556211920"
"417180","핑거스토리","KOSDAQ","IT 서비스","1763","-41","-2.27","30938222349"
"454640","하나29호스팩","KOSDAQ","금융","2095","-5","-0.24","11315095000"
"469880","하나30호스팩","KOSDAQ","금융","2070","5","0.24","15121350000"
"469900","하나31호스팩","KOSDAQ","금융","2055","5","0.24","11518275000"
"475240","하나32호스팩","KOSDAQ","금융","2105","-10","-0.47","6736000000"
"475250","하나33호스팩","KOSDAQ","금융","2090","-5","-0.24","7733000000"
"484130","하나34호스팩","KOSDAQ","금융","2060","-5","-0.24","9311200000"
"0041L0","하나35호스팩","KOSDAQ","금융","1992","-8","-0.40","12011760000"
"299030","하나기술","KOSDAQ","기계·장비","33500","-2000","-5.63","267829485000"
"067310","하나마이크론","KOSDAQ","전기·전자","22900","-1100","-4.58","1520059657900"
"166090","하나머티리얼즈","KOSDAQ","전기·전자","40300","-1850","-4.39","797040262200"
"136480","하림","KOSDAQ","음식료·담배","3015","-45","-1.47","320222251530"
"003380","하림지주","KOSDAQ","금융","10820","-1390","-11.38","1211900819220"
"450330","하스","KOSDAQ","제약","6500","-230","-3.42","53214479500"
"101670","하이드로리튬","KOSDAQ","금속","2050","-155","-7.03","111048438500"
"365590","하이딥","KOSDAQ","전기·전자","563","45","8.69","87142893182"
"149980","하이로닉","KOSDAQ","의료·정밀기기","5090","0","0.00","94645307670"
"013030","하이록코리아","KOSDAQ","금속","32600","-300","-0.91","383641494400"
"126700","하이비젼시스템","KOSDAQ","의료·정밀기기","15710","40","0.26","234740579520"
"450050","하이제8호스팩","KOSDAQ","금융","2102","-3","-0.14","10539428000"
"160190","하이젠알앤엠","KOSDAQ","전기·전자","60200","-6200","-9.34","1859457600000"
"221840","하이즈항공","KOSDAQ","운송장비·부품","2225","-5","-0.22","41608748225"
"106190","하이텍팜","KOSDAQ","제약","12050","-50","-0.41","128129734650"
"065650","하이퍼코퍼레이션","KOSDAQ","유통","2020","-130","-6.05","26937136320"
"066130","하츠","KOSDAQ","전기·전자","4495","-50","-1.10","57536000000"
"004590","한국가구","KOSDAQ","유통","5080","10","0.20","76200000000"
"039340","한국경제TV","KOSDAQ","오락·문화","5450","30","0.55","122625000000"
"034950","한국기업평가","KOSDAQ","일반서비스","99400","200","0.20","451327091600"
"222980","한국맥널티","KOSDAQ","음식료·담배","3230","-60","-1.82","35631690090"
"256840","한국비엔씨","KOSDAQ","제약","5370","-120","-2.19","367280537820"
"219750","한국비티비","KOSDAQ","의료·정밀기기","910","1","0.11","59538465350"
"025550","한국선재","KOSDAQ","금속","3425","-110","-3.11","87385463700"
"017890","한국알콜","KOSDAQ","화학","11200","-160","-1.41","238263267200"
"080720","한국유니온제약","KOSDAQ","제약","2725","0","0.00","21562456300"
"041460","한국전자인증","KOSDAQ","IT 서비스","3615","-100","-2.69","68685000000"
"101680","한국정밀기계","KOSDAQ","기계·장비","2065","-50","-2.36","17354260000"
"039740","한국정보공학","KOSDAQ","유통","3000","-20","-0.66","24055191000"
"053300","한국정보인증","KOSDAQ","IT 서비스","5950","-190","-3.09","252526097950"
"025770","한국정보통신","KOSDAQ","통신","7930","-100","-1.25","296933069030"
"458610","한국제12호스팩","KOSDAQ","금융","2080","-10","-0.48","8798400000"
"464440","한국제13호스팩","KOSDAQ","금융","2105","-10","-0.47","9093600000"
"479880","한국제15호스팩","KOSDAQ","금융","2035","-5","-0.25","13980450000"
"062970","한국첨단소재","KOSDAQ","전기·전자","2960","-50","-1.66","68254864960"
"023760","한국캐피탈","KOSDAQ","금융","821","10","1.23","259115461896"
"054040","한국컴퓨터","KOSDAQ","전기·전자","5140","-30","-0.58","82606430600"
"021650","한국큐빅","KOSDAQ","화학","2335","0","0.00","38178564605"
"032300","한국파마","KOSDAQ","제약","13540","-250","-1.81","147676731540"
"037230","한국팩키지","KOSDAQ","종이·목재","1951","-25","-1.27","58140437977"
"448900","한국피아이엠","KOSDAQ","운송장비·부품","58600","-2700","-4.40","351861180200"
"030520","한글과컴퓨터","KOSDAQ","IT 서비스","23100","-500","-2.12","558552086400"
"052600","한네트","KOSDAQ","통신","4015","-15","-0.37","46428255500"
"256150","한독크린텍","KOSDAQ","기계·장비","5430","-70","-1.27","45584850000"
"092460","한라IMS","KOSDAQ","운송장비·부품","17130","-640","-3.60","293088818400"
"125490","한라캐스트","KOSDAQ","운송장비·부품","18250","-1510","-7.64","666167924000"
"452190","한빛레이저","KOSDAQ","기계·장비","4930","-190","-3.71","115197126010"
"047080","한빛소프트","KOSDAQ","IT 서비스","1205","-3","-0.25","29910946210"
"452280","한선엔지니어링","KOSDAQ","금속","9120","170","1.90","157540248000"
"066980","한성크린텍","KOSDAQ","일반서비스","1289","-51","-3.81","66944376125"
"114810","한솔아이원스","KOSDAQ","기계·장비","11950","-440","-3.55","341688429300"
"070590","한솔인티큐브","KOSDAQ","IT 서비스","2135","35","1.67","29632777335"
"042520","한스바이오메드","KOSDAQ","제약","32500","-100","-0.31","439606927500"
"430690","한싹","KOSDAQ","IT 서비스","4935","-135","-2.66","53768438745"
"078350","한양디지텍","KOSDAQ","전기·전자","18330","-1060","-5.47","279429522060"
"045100","한양이엔지","KOSDAQ","일반서비스","21150","-350","-1.63","380700000000"
"320000","한울반도체","KOSDAQ","기계·장비","2070","10","0.49","68097253680"
"091440","한울소재과학","KOSDAQ","전기·전자","3000","-25","-0.83","92204817000"
"276730","한울앤제주","KOSDAQ","음식료·담배","1709","-12","-0.70","26792601404"
"024740","한일단조","KOSDAQ","운송장비·부품","2115","-40","-1.86","69577258635"
"005860","한일사료","KOSDAQ","음식료·담배","3130","-15","-0.48","123333534050"
"007770","한일화학","KOSDAQ","화학","8210","30","0.37","28817100000"
"198940","한주라이트메탈","KOSDAQ","금속","663","-14","-2.07","25805934414"
"058450","한주에이알티","KOSDAQ","오락·문화","802","-14","-1.72","11864484042"
"107640","한중엔시에스","KOSDAQ","전기·전자","47600","-2900","-5.74","431491429600"
"079170","한창산업","KOSDAQ","금속","6810","40","0.59","35412000000"
"054920","한컴위드","KOSDAQ","IT 서비스","3870","-15","-0.39","109200103470"
"457370","한켐","KOSDAQ","화학","7490","-140","-1.83","60123233660"
"002680","한탑","KOSDAQ","음식료·담배","723","-7","-0.96","23365045677"
"098070","한텍","KOSDAQ","기계·장비","33050","-1050","-3.08","367553710050"
"455310","한화플러스제4호스팩","KOSDAQ","금융","2075","-10","-0.48","10499500000"
"498390","한화플러스제5호스팩","KOSDAQ","금융","1996","-9","-0.45","9900160000"
"034810","해성산업","KOSDAQ","금융","8180","-360","-4.22","266315090260"
"03481K","해성산업1우","KOSDAQ","금융","12050","-750","-5.86","16736510100"
"059270","해성에어로보틱스","KOSDAQ","금속","8510","-750","-8.10","95016694490"
"076610","해성옵틱스","KOSDAQ","의료·정밀기기","564","-24","-4.08","25334582772"
"220180","핸디소프트","KOSDAQ","IT 서비스","1984","-31","-1.54","47478790528"
"900270","헝셩그룹","KOSDAQ","금융","200","-2","-0.99","37609408000"
"214180","헥토이노베이션","KOSDAQ","IT 서비스","16820","-420","-2.44","218548432940"
"234340","헥토파이낸셜","KOSDAQ","IT 서비스","15920","-340","-2.09","222412843520"
"084990","헬릭스미스","KOSDAQ","일반서비스","6880","-120","-1.71","317118443360"
"187660","현대ADM","KOSDAQ","일반서비스","2550","-40","-1.54","137892326100"
"170030","현대공업","KOSDAQ","운송장비·부품","6250","-80","-1.26","95875000000"
"319400","현대무벡스","KOSDAQ","기계·장비","11900","250","2.15","1325374864100"
"048410","현대바이오","KOSDAQ","화학","5300","80","1.53","509017088000"
"052260","현대바이오랜드","KOSDAQ","화학","4395","40","0.92","131850000000"
"016790","현대사료","KOSDAQ","음식료·담배","994","0","0.00","187340898626"
"041440","현대에버다임","KOSDAQ","기계·장비","8350","-160","-1.88","149598132400"
"039010","현대에이치티","KOSDAQ","전기·전자","9020","-180","-1.96","77797500000"
"090850","현대이지웰","KOSDAQ","IT 서비스","5050","-70","-1.37","119919123050"
"460930","현대힘스","KOSDAQ","운송장비·부품","18500","-570","-2.99","656947413500"
"092300","현우산업","KOSDAQ","전기·전자","3280","-95","-2.81","62277632240"
"138360","협진","KOSDAQ","기계·장비","1008","-9","-0.88","57175223616"
"011080","형지I&C","KOSDAQ","섬유·의류","720","9","1.27","30862712160"
"308100","형지글로벌","KOSDAQ","유통","1401","2","0.14","33656234208"
"064240","홈캐스트","KOSDAQ","유통","1855","-35","-1.85","64995512260"
"039610","화성밸브","KOSDAQ","기계·장비","7530","-240","-3.09","78390312000"
"126640","화신정공","KOSDAQ","운송장비·부품","1315","-5","-0.38","46098521650"
"127980","화인써키트","KOSDAQ","전기·전자","6010","-90","-1.48","71162510840"
"061250","화일약품","KOSDAQ","제약","1155","-15","-1.28","99925803285"
"097870","효성오앤비","KOSDAQ","화학","6140","-60","-0.97","52128600000"
"290270","휴네시온","KOSDAQ","IT 서비스","3955","-75","-1.86","37998342760"
"353190","휴럼","KOSDAQ","음식료·담배","671","1","0.15","26422919820"
"090710","휴림로봇","KOSDAQ","기계·장비","5770","-510","-8.12","689268026690"
"078590","휴림에이텍","KOSDAQ","운송장비·부품","755","-32","-4.07","49988805190"
"205470","휴마시스","KOSDAQ","제약","995","-35","-3.40","128728133955"
"115160","휴맥스","KOSDAQ","전기·전자","876","-17","-1.90","38517828624"
"028080","휴맥스홀딩스","KOSDAQ","IT 서비스","1564","13","0.84","19671219384"
"175140","휴먼테크놀로지","KOSDAQ","전기·전자","4695","0","0.00","116426666340"
"200670","휴메딕스","KOSDAQ","제약","41700","-350","-0.83","468288081000"
"065510","휴비츠","KOSDAQ","의료·정밀기기","8350","-140","-1.65","95906956050"
"263920","휴엠앤씨","KOSDAQ","기타제조","4120","175","4.44","40413187120"
"243070","휴온스","KOSDAQ","제약","27750","-200","-0.72","332435703750"
"084110","휴온스글로벌","KOSDAQ","제약","51700","-2500","-4.61","654512280400"
"145020","휴젤","KOSDAQ","제약","230000","9500","4.31","2829927590000"
"024060","흥구석유","KOSDAQ","유통","11680","-300","-2.50","175200000000"
"010240","흥국","KOSDAQ","기계·장비","5290","-110","-2.04","65187061840"
"189980","흥국에프엔비","KOSDAQ","음식료·담배","1658","3","0.18","66548517166"
"037440","희림","KOSDAQ","일반서비스","4630","150","3.35","64461059250"
"238490","힘스","KOSDAQ","기계·장비","3355","-50","-1.47","37952551780"